"npar","PPP","MargLogLik","BRMSEA","BGammaHat","adjBGammaHat","BMc","BCFI","BTLI","BNFI","chisq","pd"
"13","0.35","-280.93824817387","0.13263385770503","0.940925127461791","0.844895451767787","0.909298406489577","0.882521457994312","0.805327256543023","0.793325966977792","13.749312709642","13.0017024810577"
"13","0.28","-264.008845935426","0.148567095011968","0.924969653271427","0.833040359482591","0.884661109721338","0.864034708873021","0.806136737273102","0.75933580851067","17.1966273624392","11.5627654898086"
"tryerror","tryerror","tryerror","tryerror","tryerror","tryerror","tryerror","tryerror","tryerror","tryerror","tryerror","tryerror"
