"npar","PPP","MargLogLik","BRMSEA","BGammaHat","adjBGammaHat","BMc","BCFI","BTLI","BNFI","chisq","pd"
13,0.56125,-283.002242860933,0.0620937136159709,0.973879758792709,0.940868119552528,0.960062777731459,0.949920156302307,0.977365738322586,0.855120999787431,9.98449263924246,11.7236999533547
13,0.33575,-291.547549259946,0.136194437090185,0.939094129427738,0.846034246026739,0.906558695124363,0.70568975001416,0.484936565023794,0.607551282097753,14.3882565182346,12.692806685832
13,0.3475,-268.010654466556,0.113839485244522,0.9452460213869,0.886893007727042,0.916088343909956,0.855191603335573,0.785007300600294,0.718220026236013,15.4909591048037,10.8341072663286
