"npar","PPP","MargLogLik","BRMSEA","BGammaHat","adjBGammaHat","BMc","BCFI","BTLI","BNFI","chisq","pd"
13,0.5515,-283.23001007904,0.0626827224791924,0.973041228981296,0.940000804779186,0.958757948217139,0.940497471672879,0.968965616800228,0.835181026858897,10.2783574745646,11.5643035825855
13,0.191,-295.064145991932,0.19370905647554,0.901150120058425,0.7515397816195,0.847703258100753,0.484438846390921,0.0987541505112545,0.46396933140035,18.8283286238184,12.6451515163926
13,0.38475,-271.876118616491,0.10831376447975,0.948217667686507,0.892492464872767,0.920633711860143,0.827553004984315,0.748561229124302,0.679059737709296,15.0638167903422,10.8850905911255
