"npar","fmin","chisq","df","pvalue","baseline.chisq","baseline.df","baseline.pvalue","cfi","tli","nnfi","rfi","nfi","pnfi","ifi","rni","logl","unrestricted.logl","aic","bic","ntotal","bic2","rmsea","rmsea.ci.lower","rmsea.ci.upper","rmsea.ci.level","rmsea.pvalue","rmsea.close.h0","rmsea.notclose.pvalue","rmsea.notclose.h0","rmr","rmr_nomean","srmr","srmr_bentler","srmr_bentler_nomean","crmr","crmr_nomean","srmr_mplus","srmr_mplus_nomean","cn_05","cn_01","gfi","agfi","pgfi","mfi","ecvi"
19,0.756091513218326,273.705127785034,281,0.611117097208403,979.926578932559,276,0,1,1.01017871811166,1.01017871811166,NA,NA,0.733744071723586,1.01043725111457,1.0103631151789,-5801.30605791056,-5664.45349401804,11640.6121158211,11701.3835594152,181,11641.2093299485,0,0,0.0262327267753511,0.9,0.999998021537421,0.05,6.74759322455467e-22,0.08,0.0697451907724329,0.0697451907724329,0.0703144673882719,0.0703144673882719,0.0703144673882719,0.065652333469156,0.065652333469156,0.067790475563657,0.067790475563657,213.340226492905,225.226666149741,0.890494104105332,0.883089790859785,0.834096144178661,1.02035599458546,1.72212777781787
19,0.702608813236189,254.3443903915,281,0.871540690013332,922.080283858586,276,0,1,1.04052330826253,1.04052330826253,NA,NA,0.737281308476681,1.04157920666046,1.04125742616584,-5805.1343896467,-5677.96219445095,11648.2687792934,11709.0402228875,181,11648.8659934208,0,0,0.01590470728447,0.9,0.999999966049585,0.05,3.93152513348814e-25,0.08,0.0629130460999079,0.0629130460999079,0.0630373828354815,0.0630373828354815,0.0630373828354815,0.0594361399496313,0.0594361399496313,0.0610502429220755,0.0610502429220755,229.503599928759,242.294837353637,0.900642780407546,0.893924676591686,0.843602070981734,1.07641306845351,1.61516237785359
19,0.766533764097112,277.485222603154,281,0.548047077618906,904.259497670794,276,0,1,1.00549492190181,1.00549492190181,NA,NA,0.705692207982031,1.00563934831315,1.00559446758843,-5831.39078548771,-5692.64817418613,11700.7815709754,11761.5530145695,181,11701.3787851028,0,0,0.0277973509937633,0.9,0.999995997209353,0.05,2.61082670644958e-21,0.08,0.0671438103949017,0.0671438103949017,0.0673273150971065,0.0673273150971065,0.0673273150971065,0.0659817403440871,0.0659817403440871,0.0665835379844271,0.0665835379844271,210.447581679915,222.172096069051,0.891138354539176,0.883777602710864,0.834699592085028,1.00975661829089,1.74301227957544
