"npar","fmin","chisq","df","pvalue","baseline.chisq","baseline.df","baseline.pvalue","cfi","tli","nnfi","rfi","nfi","pnfi","ifi","rni","logl","unrestricted.logl","aic","bic","ntotal","bic2","rmsea","rmsea.ci.lower","rmsea.ci.upper","rmsea.ci.level","rmsea.pvalue","rmsea.close.h0","rmsea.notclose.pvalue","rmsea.notclose.h0","rmr","rmr_nomean","srmr","srmr_bentler","srmr_bentler_nomean","crmr","crmr_nomean","srmr_mplus","srmr_mplus_nomean","cn_05","cn_01","gfi","agfi","pgfi","mfi","ecvi"
19,2.78193367137098,339.395907907259,281,0.00968280450660486,625.098735166248,276,0,0.83272380554616,0.835700250287331,0.835700250287331,NA,NA,0.465332253532347,0.830293163155495,0.83272380554616,-1913.32313498704,-1743.62518103341,3864.64626997408,3904.75287339337,61,3844.9828069989,0.0583677739076549,0.0306206922091056,0.079717824874893,0.9,0.276758174728802,0.05,0.0475783606711221,0.08,0.118848444342351,0.118848444342351,0.122120829837436,0.122120829837436,0.122120829837436,0.108726299222446,0.108726299222446,0.115788910196368,0.115788910196368,58.711168608496,61.9417402930057,0.71168496406564,0.692190353094989,0.666611583008149,0.619616226045106,6.18681816241408
19,2.19119130235914,267.325338887816,281,0.711653116033099,604.862910676069,276,0,1,1.04084175899456,1.04084175899456,NA,NA,0.568149206714073,1.04222360962433,1.04158164593287,-1900.59750748107,-1766.93483803716,3839.19501496214,3879.30161838143,61,3819.53155198696,0,0,0.0402199649931298,0.9,0.985844523487531,0.05,6.63076825614554e-06,0.08,0.10498713155302,0.10498713155302,0.105963440009366,0.105963440009366,0.105963440009366,0.0978980218416757,0.0978980218416757,0.103485260640903,0.103485260640903,74.2700257587223,78.3715554322104,0.768502467486503,0.752849609416195,0.719830644545691,1.11861060746574,5.00533342439042
NA,NA,NA,NA,NA,NA,NA,NA,NA,NA,NA,NA,NA,NA,NA,NA,NA,NA,NA,NA,NA,NA,NA,NA,NA,NA,NA,NA,NA,NA,NA,NA,NA,NA,NA,NA,NA,NA,NA,NA,NA,NA,NA,NA,NA,NA
