"npar","fmin","chisq","df","pvalue","baseline.chisq","baseline.df","baseline.pvalue","cfi","tli","nnfi","rfi","nfi","pnfi","ifi","rni","logl","unrestricted.logl","aic","bic","ntotal","bic2","rmsea","rmsea.ci.lower","rmsea.ci.upper","rmsea.ci.level","rmsea.pvalue","rmsea.close.h0","rmsea.notclose.pvalue","rmsea.notclose.h0","rmr","rmr_nomean","srmr","srmr_bentler","srmr_bentler_nomean","crmr","crmr_nomean","srmr_mplus","srmr_mplus_nomean","cn_05","cn_01","gfi","agfi","pgfi","mfi","ecvi"
NA,NA,NA,NA,NA,NA,NA,NA,NA,NA,NA,NA,NA,NA,NA,NA,NA,NA,NA,NA,NA,NA,NA,NA,NA,NA,NA,NA,NA,NA,NA,NA,NA,NA,NA,NA,NA,NA,NA,NA,NA,NA,NA,NA,NA,NA
14,0.232320172829195,14.4038507154101,7,0.0444473719949467,50.4880921396227,15,1.00185571073608e-05,0.791370843879667,0.552937522599287,0.552937522599287,0.388659917970211,0.714707961719432,0.333530382135735,0.829749930357043,0.791370843879667,-258.040268335783,-250.838342978078,544.080536671566,564.156357534358,31,520.538888907225,0.18471363707313,0.0278814002307952,0.320832976048745,0.9,0.063260795412965,0.05,0.902130838119684,0.08,0.122956189397875,0.122956189397875,0.10586065463298,0.10586065463298,0.10586065463298,0.125256028704815,0.125256028704815,0.105860665591004,0.105860665591004,31.275331405858,40.7625971984914,0.883790357934445,0.651371073803336,0.294596785978148,0.887437709102323,1.36786615211
14,0.173870200562882,10.7799524348987,7,0.148509561121989,53.281253012422,15,3.4620945456032e-06,0.901258393144234,0.788410842451931,0.788410842451931,0.566453550381082,0.797678323511171,0.372249884305213,0.918326488829416,0.901258393144234,-235.897792404336,-230.507816186887,499.795584808672,519.871405671464,31,476.253937044332,0.131981573125548,0,0.278459307128589,0.9,0.188119441378608,0.05,0.747373130964157,0.08,0.0868514037694426,0.0868514037694426,0.0874638780091778,0.0874638780091778,0.0874638780091778,0.103488639434561,0.103488639434561,0.0874638639344634,0.0874638639344634,41.452994256059,54.1295956603575,0.91132048669789,0.73396146009367,0.303773495565963,0.940854311205727,1.25096620757738
