"npar","fmin","chisq","df","pvalue","baseline.chisq","baseline.df","baseline.pvalue","cfi","tli","nnfi","rfi","nfi","pnfi","ifi","rni","logl","unrestricted.logl","aic","bic","ntotal","bic2","rmsea","rmsea.ci.lower","rmsea.ci.upper","rmsea.ci.level","rmsea.pvalue","rmsea.close.h0","rmsea.notclose.pvalue","rmsea.notclose.h0","rmr","rmr_nomean","srmr","srmr_bentler","srmr_bentler_nomean","crmr","crmr_nomean","srmr_mplus","srmr_mplus_nomean","cn_05","cn_01","gfi","agfi","pgfi","mfi","ecvi"
14,0.00874632502615924,3.6909491610392,7,0.814606021297369,242.763139283424,15,0,1,1.03113244420784,1.03113244420784,0.967420190738177,0.984796089011149,0.459571508205203,1.01403548853743,1.01452847396366,-1675.77372525791,-1673.92825067739,3379.54745051582,3426.47346438448,211,3382.11278721088,0,0,0.0524378612978469,0.9,0.943511890334819,0.05,0.00796422783370827,0.08,0.0235144583244169,0.0235144583244169,0.0229078022921176,0.0229078022921176,0.0229078022921176,0.0271048769846099,0.0271048769846099,0.0229078021074386,0.0229078021074386,805.1743479271,1057.17541374948,0.994297168830159,0.982891506490477,0.331432389610053,1.00787217661944,0.150194071853266
14,0.0150195733155751,6.3382599391727,7,0.500853599448554,231.824827469084,15,0,1,1.00653990796446,1.00653990796446,0.941412722130667,0.972659270327644,0.453907659486234,1.0029433584728,1.00305195705008,-1693.87760085825,-1690.70847088867,3415.7552017165,3462.68121558517,211,3418.32053841156,0,0,0.0797123093150183,0.9,0.781649891923244,0.05,0.0490751451850592,0.08,0.0275814228327564,0.0275814228327564,0.0280954776196885,0.0280954776196885,0.0280954776196885,0.0332430189615867,0.0332430189615867,0.02809547891543,0.02809547891543,469.293611069254,616.041004108408,0.989625830974252,0.968877492922757,0.329875276991417,1.00156933452816,0.162740568432098
14,0.0100716359721265,4.25023038023737,7,0.750546794269891,205.329805327685,15,0,1,1.0309587006658,1.0309587006658,0.955643865173177,0.979300470414149,0.45700688619327,1.01386463126518,1.01444739364404,-1690.35220140444,-1688.22708621432,3408.70440280889,3455.63041667755,211,3411.26973950395,0,0,0.0598918683435801,0.9,0.917361546473737,0.05,0.0129854367892147,0.08,0.0249007964988151,0.0249007964988151,0.0248073293513577,0.0248073293513577,0.0248073293513577,0.0293524287216277,0.0293524287216277,0.0248073300207137,0.0248073300207137,699.354293595965,918.194930283089,0.993537859342787,0.980613578028362,0.331179286447596,1.00653731733882,0.152844693745201
