"npar","fmin","chisq","df","pvalue","baseline.chisq","baseline.df","baseline.pvalue","cfi","tli","nnfi","rfi","nfi","pnfi","ifi","rni","logl","unrestricted.logl","aic","bic","ntotal","bic2","rmsea","rmsea.ci.lower","rmsea.ci.upper","rmsea.ci.level","rmsea.pvalue","rmsea.close.h0","rmsea.notclose.pvalue","rmsea.notclose.h0","rmr","rmr_nomean","srmr","srmr_bentler","srmr_bentler_nomean","crmr","crmr_nomean","srmr_mplus","srmr_mplus_nomean","cn_05","cn_01","gfi","agfi","pgfi","mfi","ecvi"
19,0.769359948828974,278.508301476089,281,0.530796012946028,1131.05559789705,276,0,1,1.00286222586843,1.00286222586843,NA,NA,0.767417618933793,1.00293121829922,1.00291407778633,-5745.25068315619,-5605.99653241815,11528.5013663124,11589.2728099064,181,11529.0985804398,0,0,0.0282055096587074,0.9,0.999995178889449,0.05,3.74529364468193e-21,0.08,0.0704218701608318,0.0704218701608318,0.0704461903698785,0.0704461903698785,0.0704461903698785,0.0642403888597395,0.0642403888597395,0.0676234266250656,0.0676234266250656,209.678192061479,221.359637346738,0.888646877269111,0.881117662564887,0.8323659083754,1.00690688838177,1.74866464903916
19,0.712346029138473,257.869262548127,281,0.835349584210805,1067.2652494922,276,0,1,1.02871244315131,1.02871244315131,NA,NA,0.772121980092699,1.02941849136384,1.02923259610695,-5754.32446398297,-5625.38983270891,11546.6489279659,11607.42037156,181,11547.2461420933,0,0,0.0182342700990586,0.9,0.999999924456632,0.05,1.6322164308983e-24,0.08,0.0639863722178978,0.0639863722178978,0.063144698172839,0.063144698172839,0.063144698172839,0.0574966178261369,0.0574966178261369,0.0605645013280421,0.0605645013280421,226.380133529085,238.996524691937,0.900571550531697,0.893848630460887,0.843535352331356,1.06598266595814,1.63463680965816
19,0.792877119159501,287.021517135739,281,0.389628670143312,1051.15481992735,276,0,0.992231852294612,0.992370075563391,0.992370075563391,NA,NA,0.740115806595617,0.992181419917222,0.992231852294612,-5779.42475258992,-5635.91399402205,11596.8495051798,11657.6209487739,181,11597.4467193072,0.0108807921906649,0,0.0313910666537031,0.9,0.99997897786857,0.05,6.91896505927236e-20,0.08,0.0677494511900102,0.0677494511900102,0.0674118010756884,0.0674118010756884,0.0674118010756884,0.0655784717899942,0.0655784717899942,0.0664490118708911,0.0664490118708911,203.488682403062,214.823649612662,0.888758717454163,0.881237064897683,0.832470665348733,0.983503556259987,1.79569898970022
