"npar","fmin","chisq","df","pvalue","baseline.chisq","baseline.df","baseline.pvalue","cfi","tli","nnfi","rfi","nfi","pnfi","ifi","rni","logl","unrestricted.logl","aic","bic","ntotal","bic2","rmsea","rmsea.ci.lower","rmsea.ci.upper","rmsea.ci.level","rmsea.pvalue","rmsea.close.h0","rmsea.notclose.pvalue","rmsea.notclose.h0","rmr","rmr_nomean","srmr","srmr_bentler","srmr_bentler_nomean","crmr","crmr_nomean","srmr_mplus","srmr_mplus_nomean","cn_05","cn_01","gfi","agfi","pgfi","mfi","ecvi"
13,0.0070652477343085,2.98153454387819,8,0.935510997009695,149.802449446518,15,0,1,1.06980305453546,1.06980305453546,0.962681669822979,0.980096890572256,0.522718341638536,1.03539054138846,1.03722829575224,-1743.24464482652,-1741.75387755458,3512.48928965303,3556.06344538822,211,3514.87138801273,0,0,0.020453217845557,0.9,0.98618492679039,0.05,0.00115456621920299,0.08,0.0202065341602178,0.0202065341602178,0.0208642080279644,0.0208642080279644,0.0208642080279644,0.0246868638695593,0.0246868638695593,0.0208642080352659,0.0208642080352659,1098.43590310094,1422.76437296785,0.995312248877077,0.987694653302327,0.379166571000791,1.01196309037355,0.137353244283783
13,0.0121857839324067,5.14240081947561,8,0.742253384674506,131.439260432984,15,0,1,1.04601539415107,1.04601539415107,0.926642910917527,0.960876219156015,0.512467316883208,1.0231498404195,1.02454154354724,-1711.35196507824,-1708.7807646685,3448.70393015647,3492.27808589166,211,3451.08602851617,0,0,0.0581258513805691,0.9,0.922105540453027,0.05,0.0101679949696774,0.08,0.0252215094829748,0.0252215094829748,0.0256835809936913,0.0256835809936913,0.0256835809936913,0.0303892226868806,0.0303892226868806,0.0256835808517195,0.0256835808517195,637.287051447941,825.330840801945,0.992084218429035,0.979221073376216,0.377936845115823,1.0067945409037,0.147594316679979
13,0.0176935072409914,7.46666005569837,8,0.487218763194682,133.498332908274,15,0,1,1.00843904189217,1.00843904189217,0.895129869419015,0.944069263690141,0.503503607301409,1.00424977712406,1.00450082234249,-1700.77783461744,-1697.04450458959,3427.55566923487,3471.12982497006,211,3429.93776759457,0,0,0.0771963118224175,0.9,0.788548543055384,0.05,0.0410581700613481,0.08,0.029498155537202,0.029498155537202,0.031183670562001,0.031183670562001,0.031183670562001,0.036897016570167,0.036897016570167,0.0311836705410729,0.0311836705410729,439.220439979783,568.729019352343,0.988560415203577,0.969971089909388,0.376594443887077,1.0012646377113,0.158609763297149
