"npar","fmin","chisq","df","pvalue","baseline.chisq","baseline.df","baseline.pvalue","cfi","tli","nnfi","rfi","nfi","pnfi","ifi","rni","logl","unrestricted.logl","aic","bic","ntotal","bic2","rmsea","rmsea.ci.lower","rmsea.ci.upper","rmsea.ci.level","rmsea.pvalue","rmsea.close.h0","rmsea.notclose.pvalue","rmsea.notclose.h0","rmr","rmr_nomean","srmr","srmr_bentler","srmr_bentler_nomean","crmr","crmr_nomean","srmr_mplus","srmr_mplus_nomean","cn_05","cn_01","gfi","agfi","pgfi","mfi","ecvi"
NA,NA,NA,NA,NA,NA,NA,NA,NA,NA,NA,NA,NA,NA,NA,NA,NA,NA,NA,NA,NA,NA,NA,NA,NA,NA,NA,NA,NA,NA,NA,NA,NA,NA,NA,NA,NA,NA,NA,NA,NA,NA,NA,NA,NA,NA
18,2.03477404118222,370.328875495164,282,0.000316758999020506,912.90734065433,276,0,0.861315971952185,0.864266695953203,0.864266695953203,NA,NA,0.607261684178172,0.85999707119661,0.861315971952185,-2838.69116711641,-2653.52672936883,5713.38233423283,5758.57780535013,91,5701.76415616332,0.0586686507400438,0.0407099017948272,0.0744488665002202,0.9,0.197066900098097,0.05,0.0114737173205864,0.08,0.105420690022767,0.105420690022767,0.105116307307678,0.105116307307678,0.105116307307678,0.0939987713333861,0.0939987713333861,0.100894711315444,0.100894711315444,80.1652199162395,84.5890946087755,0.761176665801929,0.745932623193542,0.715506065853813,0.615498056023847,4.46515247796884
18,2.70765596793721,492.793386164572,282,1.12354570092066e-13,980.727207922552,276,0,0.700886550434224,0.707250666382432,0.707250666382432,NA,NA,0.508338174698716,0.698318050629085,0.700886550434224,-2879.4389704932,-2633.04227741091,5794.8779409864,5840.0734121037,91,5783.25976291689,0.0906323497772541,0.0772122628880421,0.103794009766761,0.9,2.38686974995961e-06,0.05,0.905847772906942,0.08,0.116640854652333,0.116640854652333,0.113760785697192,0.113760785697192,0.113760785697192,0.106355870569027,0.106355870569027,0.112368757509396,0.112368757509396,60.4918026357554,63.8162964017315,0.717243958791539,0.699195700842062,0.674209321264046,0.314049262484303,5.81091633147882
