"npar","fmin","chisq","df","pvalue","baseline.chisq","baseline.df","baseline.pvalue","cfi","tli","nnfi","rfi","nfi","pnfi","ifi","rni","logl","unrestricted.logl","aic","bic","ntotal","bic2","rmsea","rmsea.ci.lower","rmsea.ci.upper","rmsea.ci.level","rmsea.pvalue","rmsea.close.h0","rmsea.notclose.pvalue","rmsea.notclose.h0","rmr","rmr_nomean","srmr","srmr_bentler","srmr_bentler_nomean","crmr","crmr_nomean","srmr_mplus","srmr_mplus_nomean","cn_05","cn_01","gfi","agfi","pgfi","mfi","ecvi"
18,3.4881279931867,216.263935577575,153,0.000579291682561989,334.824134791524,153,1.33226762955019e-15,0.652059746358136,0.652059746358136,0.652059746358136,0.354096932969809,0.354096932969809,0.354096932969809,0.652059746358136,0.652059746358136,-711.236765750237,-603.104797961449,1458.47353150047,1484.28530118121,31,1428.20569866061,0.115491903782268,0.0772975011962276,0.149647881327864,0.9,0.00569029700860335,0.05,0.938618415827766,0.08,0.138222956434955,0.138222956434955,0.146342100731693,0.146342100731693,0.146342100731693,0.142602689487351,0.142602689487351,0.146007926793717,0.146007926793717,27.2124243347592,29.1825847003461,0.653822596765142,0.613095843443394,0.584999165526706,0.360455756587,8.13754630895404
NA,NA,NA,NA,NA,NA,NA,NA,NA,NA,NA,NA,NA,NA,NA,NA,NA,NA,NA,NA,NA,NA,NA,NA,NA,NA,NA,NA,NA,NA,NA,NA,NA,NA,NA,NA,NA,NA,NA,NA,NA,NA,NA,NA,NA,NA
18,3.46711784512044,214.961306397467,153,0.000712667118822563,301.892834415444,153,8.0789819278948e-12,0.58385299977176,0.58385299977176,0.58385299977176,0.287954923429378,0.287954923429378,0.287954923429378,0.58385299977176,0.58385299977176,-729.238435601683,-621.757782402949,1494.47687120337,1520.2886408841,31,1464.2090383635,0.114296707655427,0.0757572942579453,0.148600682389823,0.9,0.00670466917527068,0.05,0.931437273361367,0.08,0.148774820976638,0.148774820976638,0.159217459595954,0.159217459595954,0.159217459595954,0.156775689070845,0.156775689070845,0.15831602662715,0.15831602662715,27.3712671953282,29.3533663996984,0.663067610126498,0.623428505435498,0.593271019586867,0.368109102842947,8.09552601282152
