"npar","fmin","chisq","df","pvalue","baseline.chisq","baseline.df","baseline.pvalue","cfi","tli","nnfi","rfi","nfi","pnfi","ifi","rni","logl","unrestricted.logl","aic","bic","ntotal","bic2","rmsea","rmsea.ci.lower","rmsea.ci.upper","rmsea.ci.level","rmsea.pvalue","rmsea.close.h0","rmsea.notclose.pvalue","rmsea.notclose.h0","rmr","rmr_nomean","srmr","srmr_bentler","srmr_bentler_nomean","crmr","crmr_nomean","srmr_mplus","srmr_mplus_nomean","cn_05","cn_01","gfi","agfi","pgfi","mfi","ecvi"
19,1.73353241452744,315.502899443994,281,0.0766990092425403,578.531482259248,276,0,0.885952697595856,0.887982009026534,0.887982009026534,NA,NA,0.462885083328099,0.884036139026353,0.885952697595856,-2858.76168088281,-2701.01023116081,5755.52336176562,5803.22969238944,91,5743.25972935892,0.0367327920417755,0,0.0567020935218281,0.9,0.848914525460163,0.05,2.25935635977058e-05,0.08,0.0918994531976182,0.0918994531976182,0.102036559533875,0.102036559533875,0.102036559533875,0.0988417322080535,0.0988417322080535,0.101312708501127,0.101312708501127,93.6135801215508,98.7979286065285,0.786694475024176,0.772271681520473,0.736870491605978,0.827309532383057,3.8846472466373
19,1.71067696735975,311.343208059475,281,0.103032072904546,588.903573930897,276,0,0.903026968729427,0.904752467506483,0.904752467506483,NA,NA,0.479855524534908,0.901452238205313,0.903026968729427,-2901.11856190154,-2745.4469578718,5840.23712380308,5887.9434544269,91,5827.97349139638,0.0344474351635973,0,0.0550683539497441,0.9,0.882309090870914,0.05,1.17996331352648e-05,0.08,0.0979135437461078,0.0979135437461078,0.101674263643704,0.101674263643704,0.101674263643704,0.0971159054243459,0.0971159054243459,0.100792360283256,0.100792360283256,94.850941018942,100.104554832885,0.792360283235276,0.778320587083924,0.742177465297042,0.846435798800167,3.83893635230192
19,1.79770185166824,327.18173700362,281,0.0301707284969934,616.385226934054,276,0,0.864325084200652,0.866739228609893,0.866739228609893,NA,NA,0.477692635583066,0.86230241139184,0.864325084200652,-2924.05561607847,-2760.46474757666,5886.11123215694,5933.81756278076,91,5873.84759975024,0.0424972938399223,0.0144392237628645,0.0610462611564995,0.9,0.727125790821226,0.05,0.00012191114168543,0.08,0.10472029657004,0.10472029657004,0.10708859741899,0.10708859741899,0.10708859741899,0.103596426402313,0.103596426402313,0.106342127274623,0.106342127274623,90.3077141891777,95.3070060008734,0.789965992691691,0.775764405008923,0.73993481315455,0.775889001982559,4.0129861209189
