"npar","fmin","chisq","df","pvalue","baseline.chisq","baseline.df","baseline.pvalue","cfi","tli","nnfi","rfi","nfi","pnfi","ifi","rni","logl","unrestricted.logl","aic","bic","ntotal","bic2","rmsea","rmsea.ci.lower","rmsea.ci.upper","rmsea.ci.level","rmsea.pvalue","rmsea.close.h0","rmsea.notclose.pvalue","rmsea.notclose.h0","rmr","rmr_nomean","srmr","srmr_bentler","srmr_bentler_nomean","crmr","crmr_nomean","srmr_mplus","srmr_mplus_nomean","cn_05","cn_01","gfi","agfi","pgfi","mfi","ecvi"
19,0.412818788252395,149.440401347367,152,0.543530978988974,668.680808625593,153,0,1,1.00499618770828,1.00499618770828,0.775044296258887,0.776514594976149,0.771439336185455,1.00495392631176,1.00496353288666,-4321.74094230795,-4247.02074163426,8681.4818846159,8742.25332820995,181,8682.07909874327,0,0,0.0329977535151376,0.9,0.99952059793482,0.05,2.02877154331932e-12,0.08,0.062320883342132,0.062320883342132,0.0642270633140819,0.0642270633140819,0.0642270633140819,0.0565822115355589,0.0565822115355589,0.0633056369656909,0.0633056369656909,221.157428519729,237.757175202128,0.917037515141683,0.906667204534394,0.815144457903719,1.0070957710329,1.035582327886
19,0.374528697198773,135.579388385956,152,0.826239550507669,734.435880954661,153,0,1,1.02842728234534,1.02842728234534,0.814182066010995,0.815396562311577,0.810067173015423,1.0281929945441,1.02824148311433,-4221.99922753264,-4154.20953333966,8481.99845506527,8542.76989865932,181,8482.59566919265,0,0,0.0220840425519593,0.9,0.999976042399806,0.05,9.30756493966089e-15,0.08,0.0617392560764912,0.0617392560764912,0.0661581507810812,0.0661581507810812,0.0661581507810812,0.0609028383423388,0.0609028383423388,0.0631498212347816,0.0631498212347816,243.665311219243,261.962139638475,0.923226019766726,0.913629272237567,0.820645350903757,1.0464053406748,0.959002145778762
19,0.393984328210653,142.622326812256,152,0.695280750123088,676.832208065197,153,0,1,1.01801983203925,1.01801983203925,0.787893321441808,0.789279639602319,0.784120949147402,1.01786794530449,1.01790205535925,-4264.53982606218,-4193.22866265605,8567.07965212436,8627.85109571841,181,8567.67686625173,0,0,0.0281828297019071,0.9,0.999879510849795,0.05,1.59591445954357e-13,0.08,0.0683424628220712,0.0683424628220712,0.0737284018406986,0.0737284018406986,0.0737284018406986,0.0624292154358087,0.0624292154358087,0.0699155409283277,0.0699155409283277,231.682076312649,249.075375538147,0.920191692765559,0.910215654361254,0.817948171347164,1.02624362984719,0.997913407802521
