"npar","fmin","chisq","df","pvalue","baseline.chisq","baseline.df","baseline.pvalue","cfi","tli","nnfi","rfi","nfi","pnfi","ifi","rni","logl","unrestricted.logl","aic","bic","ntotal","bic2","rmsea","rmsea.ci.lower","rmsea.ci.upper","rmsea.ci.level","rmsea.pvalue","rmsea.close.h0","rmsea.notclose.pvalue","rmsea.notclose.h0","rmr","rmr_nomean","srmr","srmr_bentler","srmr_bentler_nomean","crmr","crmr_nomean","srmr_mplus","srmr_mplus_nomean","cn_05","cn_01","gfi","agfi","pgfi","mfi","ecvi"
18,1.40170978707346,507.418942920592,282,4.32986979603811e-15,1448.35314720145,276,0,0.80772095553401,0.811811999033286,0.811811999033286,NA,NA,0.663780996738188,0.806731826067035,0.80772095553401,-5593.82148780746,-5340.11201634717,11223.6429756149,11281.2159221777,181,11224.2087574198,0.0664555662468428,0.0570861678984,0.0756808309612206,0.9,0.0024708865568962,0.05,0.00723723246806866,0.08,0.0802943891759358,0.0802943891759358,0.0836293780213692,0.0836293780213692,0.0836293780213692,0.0792175405084244,0.0792175405084244,0.0829434657286813,0.0829434657286813,115.919176519671,122.341037498904,0.82450394437767,0.813302068486883,0.775033707715009,0.536491660011268,3.00231460177123
18,1.49308039230162,540.495102013187,282,0,1454.96856219687,276,0,0.780744703207767,0.785409709522495,0.785409709522495,NA,NA,0.642181104314016,0.779623162679613,0.780744703207767,-5646.9624325083,-5376.71488150169,11329.9248650166,11387.4978115794,181,11330.4906468215,0.0711643222547928,0.0620647049324186,0.0801855443755263,0.9,0.000118175699410528,0.05,0.0536913301764145,0.08,0.0978337485428127,0.0978337485428127,0.0948831621526564,0.0948831621526564,0.0948831621526564,0.0838352179334076,0.0838352179334076,0.0921052138429247,0.0921052138429247,108.886578164577,114.915446691836,0.805521476872127,0.793107954119284,0.7571901882598,0.489644888754235,3.18505581222755
NA,NA,NA,NA,NA,NA,NA,NA,NA,NA,NA,NA,NA,NA,NA,NA,NA,NA,NA,NA,NA,NA,NA,NA,NA,NA,NA,NA,NA,NA,NA,NA,NA,NA,NA,NA,NA,NA,NA,NA,NA,NA,NA,NA,NA,NA
