"npar","fmin","chisq","df","pvalue","baseline.chisq","baseline.df","baseline.pvalue","cfi","tli","nnfi","rfi","nfi","pnfi","ifi","rni","logl","unrestricted.logl","aic","bic","ntotal","bic2","rmsea","rmsea.ci.lower","rmsea.ci.upper","rmsea.ci.level","rmsea.pvalue","rmsea.close.h0","rmsea.notclose.pvalue","rmsea.notclose.h0","rmr","rmr_nomean","srmr","srmr_bentler","srmr_bentler_nomean","crmr","crmr_nomean","srmr_mplus","srmr_mplus_nomean","cn_05","cn_01","gfi","agfi","pgfi","mfi","ecvi"
18,0.772436986130469,279.62218897923,282,0.52882257285578,979.926578932559,276,0,1,1.00330605402122,1.00330605402122,NA,NA,0.730185723924343,1.00340696441796,1.00337792476081,-5804.26458850766,-5664.45349401804,11644.5291770153,11702.1021235781,181,11645.0949588202,0,0,0.028224686001501,0.9,0.999995249371886,0.05,3.336700341755e-21,0.08,0.070327177595178,0.070327177595178,0.0708292161317016,0.0708292161317016,0.0708292161317016,0.0665354293875101,0.0665354293875101,0.0684117558155204,0.0684117558155204,209.539126611472,221.192614918536,0.888818636032032,0.881721953225566,0.83548951787011,1.00659015889364,1.74376899988525
18,0.708389503112741,256.437000126812,282,0.860476550347887,922.080283858586,276,0,1,1.03872445404067,1.03872445404067,NA,NA,0.73758630545034,1.03993717744138,1.03956628999808,-5806.18069451436,-5677.96219445095,11648.3613890287,11705.9343355915,181,11648.9271708336,0,0,0.0166773212022056,0.9,0.99999995775845,0.05,5.26480482214758e-25,0.08,0.0628501521383413,0.0628501521383413,0.0629059730803863,0.0629059730803863,0.0629059730803863,0.0596247964663416,0.0596247964663416,0.0611037038046844,0.0611037038046844,228.393734297626,241.100847187161,0.899298867917372,0.892871136082311,0.84534093584233,1.07316907316099,1.61567403384979
18,0.766533979190944,277.485300467122,282,0.564745939134403,904.259497670795,276,0,1,1.00703314810582,1.00703314810582,NA,NA,0.708203480172883,1.00725533246142,1.00718604262986,-5831.39082441969,-5692.64817418613,11698.7816488394,11756.3545954022,181,11699.3474306443,0,0,0.0273689953895043,0.9,0.999996784277328,0.05,1.56727082782947e-21,0.08,0.0671435994067141,0.0671435994067141,0.0673272719855722,0.0673272719855722,0.0673272719855722,0.065981055954939,0.065981055954939,0.066583335252094,0.066583335252094,211.145067045906,222.88829778346,0.89114151023634,0.884193095996107,0.83767301962216,1.01254963971008,1.7319629860062
