"npar","fmin","chisq","df","pvalue","baseline.chisq","baseline.df","baseline.pvalue","cfi","tli","nnfi","rfi","nfi","pnfi","ifi","rni","logl","unrestricted.logl","aic","bic","ntotal","bic2","rmsea","rmsea.ci.lower","rmsea.ci.upper","rmsea.ci.level","rmsea.pvalue","rmsea.close.h0","rmsea.notclose.pvalue","rmsea.notclose.h0","rmr","rmr_nomean","srmr","srmr_bentler","srmr_bentler_nomean","crmr","crmr_nomean","srmr_mplus","srmr_mplus_nomean","cn_05","cn_01","gfi","agfi","pgfi","mfi","ecvi"
19,8.17060581376936,506.5775604537,281,3.88578058618805e-15,665.25482650095,276,0,0.420488725903699,0.430800314410751,0.430800314410751,NA,NA,0.242842062567206,0.412948010288317,0.420488725903699,-926.629183440442,-673.340403213592,1891.25836688088,1918.5041237661,31,1859.30898777214,0.160921451391095,0.138262740022052,0.183236224441837,0.9,8.96371865621859e-12,0.05,0.999999944430693,0.08,0.166565636450431,0.166565636450431,0.19887247928451,0.19887247928451,0.19887247928451,0.168879047603201,0.168879047603201,0.194116561745561,0.194116561745561,20.6495396823062,21.7494870242486,0.530967474573774,0.499253531573424,0.497339534517435,0.0262957552739171,17.5670180791516
19,7.51754493532112,466.087785989909,281,2.41051623106614e-11,642.799477357254,276,0,0.495397901536163,0.50437658656221,0.50437658656221,NA,NA,0.279889757943919,0.488424396458852,0.495397901536163,-936.413866788541,-703.369973793586,1910.82773357708,1938.0734904623,31,1878.87835446833,0.145765542521243,0.121995001713609,0.168876519840702,0.9,1.39609954707964e-08,0.05,0.999984501342404,0.08,0.170649759638548,0.170649759638548,0.184155087446664,0.184155087446664,0.184155087446664,0.167906092019725,0.167906092019725,0.182567056026132,0.182567056026132,22.3565259067234,23.5520273934772,0.515430926131789,0.482666469179846,0.482786967476776,0.0505250073204396,16.2608963222551
NA,NA,NA,NA,NA,NA,NA,NA,NA,NA,NA,NA,NA,NA,NA,NA,NA,NA,NA,NA,NA,NA,NA,NA,NA,NA,NA,NA,NA,NA,NA,NA,NA,NA,NA,NA,NA,NA,NA,NA,NA,NA,NA,NA,NA,NA
