"npar","fmin","chisq","df","pvalue","baseline.chisq","baseline.df","baseline.pvalue","cfi","tli","nnfi","rfi","nfi","pnfi","ifi","rni","logl","unrestricted.logl","aic","bic","ntotal","bic2","rmsea","rmsea.ci.lower","rmsea.ci.upper","rmsea.ci.level","rmsea.pvalue","rmsea.close.h0","rmsea.notclose.pvalue","rmsea.notclose.h0","rmr","rmr_nomean","srmr","srmr_bentler","srmr_bentler_nomean","crmr","crmr_nomean","srmr_mplus","srmr_mplus_nomean","cn_05","cn_01","gfi","agfi","pgfi","mfi","ecvi"
18,0.579254411287282,70.6690381770484,60,0.163146969770781,243.023493596111,66,0,0.93973094779504,0.933704042574544,0.933704042574544,0.680129929643982,0.709209026949075,0.644735479044613,0.941706728642212,0.93973094779504,-946.852253690033,-911.517734601509,1929.70450738007,1967.70023693519,61,1911.07596350885,0.0539910895731131,0,0.0989543172422046,0.9,0.428594257656851,0.05,0.194335561690059,0.08,0.0966800663477344,0.0966800663477344,0.100074694290024,0.100074694290024,0.100074694290024,0.0986738370114658,0.0986738370114658,0.0981247011833342,0.0981247011833342,69.2618405202165,77.2872212790257,0.849668966946244,0.804569657030118,0.653591513035573,0.916263645980098,1.74867275700079
NA,NA,NA,NA,NA,NA,NA,NA,NA,NA,NA,NA,NA,NA,NA,NA,NA,NA,NA,NA,NA,NA,NA,NA,NA,NA,NA,NA,NA,NA,NA,NA,NA,NA,NA,NA,NA,NA,NA,NA,NA,NA,NA,NA,NA,NA
18,0.754936866253447,92.1022976829205,60,0.00485190812656211,248.763478929685,66,0,0.824350587595942,0.806785646355537,0.806785646355537,0.592735525780899,0.629759568891726,0.572508698992478,0.829933746374325,0.824350587595942,-993.665339143451,-947.614190301991,2023.3306782869,2061.32640784202,61,2004.70213441569,0.0936542555653367,0.0524684373204689,0.130234519274247,0.9,0.0424244518726392,0.05,0.735660135034539,0.08,0.144181031335214,0.144181031335214,0.128688992372873,0.128688992372873,0.128688992372873,0.124598025686441,0.124598025686441,0.123358931225814,0.123358931225814,53.3765284376107,59.5343111802535,0.826574958534582,0.774547446094956,0.635826891180448,0.768639209812084,2.10003766693312
