"npar","fmin","chisq","df","pvalue","baseline.chisq","baseline.df","baseline.pvalue","cfi","tli","nnfi","rfi","nfi","pnfi","ifi","rni","logl","unrestricted.logl","aic","bic","ntotal","bic2","rmsea","rmsea.ci.lower","rmsea.ci.upper","rmsea.ci.level","rmsea.pvalue","rmsea.close.h0","rmsea.notclose.pvalue","rmsea.notclose.h0","rmr","rmr_nomean","srmr","srmr_bentler","srmr_bentler_nomean","crmr","crmr_nomean","srmr_mplus","srmr_mplus_nomean","cn_05","cn_01","gfi","agfi","pgfi","mfi","ecvi"
NA,NA,NA,NA,NA,NA,NA,NA,NA,NA,NA,NA,NA,NA,NA,NA,NA,NA,NA,NA,NA,NA,NA,NA,NA,NA,NA,NA,NA,NA,NA,NA,NA,NA,NA,NA,NA,NA,NA,NA,NA,NA,NA,NA,NA,NA
18,0.304768378669934,92.04005035832,60,0.00491261942189358,498.12072126873,66,0,0.925853936686376,0.918439330355014,0.918439330355014,0.796747954720133,0.815225413381939,0.741114012165399,0.92686935631454,0.925853936686376,-2288.87493713204,-2242.85491195288,4613.74987426408,4668.06091132675,151,4611.09278790288,0.0594678854456174,0.0332671825980421,0.0827256461129377,0.9,0.24821488632333,0.05,0.0753808998829923,0.08,0.0735564269447547,0.0735564269447547,0.0805241762380071,0.0805241762380071,0.0805241762380071,0.0828252488924254,0.0828252488924254,0.0799422213040276,0.0799422213040276,130.741059149537,145.994404090007,0.903974570937946,0.875166942219329,0.695365054567651,0.899341111612254,0.847947353366358
18,0.402195504203922,121.463042269584,60,4.65482448608334e-06,522.575804530826,66,0,0.865382611913166,0.851920873104483,0.851920873104483,0.744325425444259,0.76756856858569,0.697789607805173,0.867128713461518,0.865382611913166,-2339.13677417332,-2278.40525303853,4714.27354834664,4768.58458540931,151,4711.61646198545,0.0823650426486019,0.0610974518158251,0.103409434145755,0.9,0.0079727630976455,0.05,0.591301241936165,0.08,0.0959110833050687,0.0959110833050687,0.0993111577771285,0.0993111577771285,0.0993111577771285,0.0961740177529378,0.0961740177529378,0.0970353418384186,0.0970353418384186,99.312815112613,110.871216830707,0.873694673099813,0.835803075029757,0.672072825461395,0.815853880950471,1.04280160443433
