"npar","fmin","chisq","df","pvalue","baseline.chisq","baseline.df","baseline.pvalue","cfi","tli","nnfi","rfi","nfi","pnfi","ifi","rni","logl","unrestricted.logl","aic","bic","ntotal","bic2","rmsea","rmsea.ci.lower","rmsea.ci.upper","rmsea.ci.level","rmsea.pvalue","rmsea.close.h0","rmsea.notclose.pvalue","rmsea.notclose.h0","rmr","rmr_nomean","srmr","srmr_bentler","srmr_bentler_nomean","crmr","crmr_nomean","srmr_mplus","srmr_mplus_nomean","cn_05","cn_01","gfi","agfi","pgfi","mfi","ecvi"
19,2.8011702844514,341.742774703071,281,0.00764204820741465,558.936905639167,276,0,0.785313356114325,0.789133403158554,0.789133403158554,NA,NA,0.395623915669517,0.781451208995144,0.785313356114325,-1943.18011397369,-1772.30872662216,3924.36022794739,3964.46683136668,61,3904.69676497222,0.0595290889105933,0.0325322173771848,0.0806691063023052,0.9,0.249417652959217,0.05,0.0561615329681822,0.08,0.120725270071451,0.120725270071451,0.124738613160688,0.124738613160688,0.124738613160688,0.114092233847578,0.114092233847578,0.119815283294494,0.119815283294494,58.3148458904153,61.5232321127028,0.710888602398115,0.691340144909019,0.665865657579567,0.607810820499964,6.22529138857493
19,2.18813815755695,266.952855221948,281,0.717175007650634,536.694317805261,276,0,1,1.05292480365076,1.05292480365076,NA,NA,0.511702982817744,1.05493725828022,1.0538835863256,-1927.97768776151,-1794.50126015054,3893.95537552302,3934.06197894232,61,3874.29191254785,0,0,0.0399103816672651,0.9,0.986397882839601,0.05,6.18967257931108e-06,0.08,0.104356164058976,0.104356164058976,0.105727370259466,0.105727370259466,0.105727370259466,0.097869698116857,0.097869698116857,0.103560718475161,0.103560718475161,74.3722606187695,78.4795132233991,0.768267927945137,0.752599211329328,0.719610959175278,1.12203110661012,4.99922713478603
19,3.07820435392317,375.540931178627,281,0.000136573506657967,581.607243091799,276,0,0.690645646280613,0.696150172147506,0.696150172147506,NA,NA,0.360723494705178,0.685500155597527,0.690645646280613,-1897.64046329648,-1709.86999770717,3833.28092659296,3873.38753001225,61,3813.61746361779,0.0742663124369268,0.0529813670560015,0.093251116299214,0.9,0.0325971789972486,0.05,0.322959393033321,0.08,0.122360054331318,0.122360054331318,0.132753117521126,0.132753117521126,0.132753117521126,0.125627789391407,0.125627789391407,0.130723098011962,0.130723098011962,53.1565902411655,56.0762262086285,0.703606115072716,0.683565247408593,0.659044394451444,0.460738028503769,6.77935952751848
