"npar","fmin","chisq","df","pvalue","baseline.chisq","baseline.df","baseline.pvalue","cfi","tli","nnfi","rfi","nfi","pnfi","ifi","rni","logl","unrestricted.logl","aic","bic","ntotal","bic2","rmsea","rmsea.ci.lower","rmsea.ci.upper","rmsea.ci.level","rmsea.pvalue","rmsea.close.h0","rmsea.notclose.pvalue","rmsea.notclose.h0","rmr","rmr_nomean","srmr","srmr_bentler","srmr_bentler_nomean","crmr","crmr_nomean","srmr_mplus","srmr_mplus_nomean","cn_05","cn_01","gfi","agfi","pgfi","mfi","ecvi"
19,0.765467355579318,277.099182719713,281,0.554545698408015,1124.01529879752,276,0,1,1.00451808797031,1.00451808797031,NA,NA,0.767123721770102,1.00462722003486,1.00459993739007,-5731.92920778519,-5593.37961642533,11501.8584155704,11562.6298591644,181,11502.4556296977,0,0,0.0276417516676675,0.9,0.999996270453054,0.05,2.27714607432104e-21,0.08,0.0716725172969906,0.0716725172969906,0.0719918431729828,0.0719918431729828,0.0719918431729828,0.0657984834935531,0.0657984834935531,0.0685476336200319,0.0685476336200319,210.739372941171,222.480221301861,0.890065487381066,0.882632192933522,0.833694673180265,1.010834005715,1.74087946253985
19,0.720146630369385,260.693080193717,281,0.802294826398596,1073.51389322072,276,0,1,1.02500970438658,1.02500970438658,NA,NA,0.770875750171224,1.02562342437147,1.02546277874141,-5735.58581605247,-5605.23927595561,11509.1716321049,11569.943075699,181,11509.7688462323,0,0,0.0199022757707302,0.9,0.999999859440417,0.05,4.99267128390123e-24,0.08,0.0628657275354402,0.0628657275354402,0.0628259764541563,0.0628259764541563,0.0628259764541563,0.0589101726598859,0.0589101726598859,0.0607561802230324,0.0607561802230324,223.938824394405,236.418555282412,0.897392361553605,0.89045447852698,0.840557511988543,1.05769970828786,1.65023801211999
19,0.767931040019358,277.991036487007,281,0.539522077384281,1067.40944934926,276,0,1,1.00373437951668,1.00373437951668,NA,NA,0.752962671968346,1.00382620467682,1.00380203131952,-5755.78446202819,-5616.78894378469,11549.5689240564,11610.3403676504,181,11550.1661381838,0,0,0.0279999156895429,0.9,0.999995610545374,0.05,3.1216055149912e-21,0.08,0.0669753736480458,0.0669753736480458,0.0670109559780092,0.0670109559780092,0.0670109559780092,0.0644840753964832,0.0644840753964832,0.0657075402750068,0.0657075402750068,210.066484878767,221.76966612625,0.89255690651831,0.885292071015989,0.836028302438817,1.0083466949362,1.74580683141993
