"npar","fmin","chisq","df","pvalue","baseline.chisq","baseline.df","baseline.pvalue","cfi","tli","nnfi","rfi","nfi","pnfi","ifi","rni","logl","unrestricted.logl","aic","bic","ntotal","bic2","rmsea","rmsea.ci.lower","rmsea.ci.upper","rmsea.ci.level","rmsea.pvalue","rmsea.close.h0","rmsea.notclose.pvalue","rmsea.notclose.h0","rmr","rmr_nomean","srmr","srmr_bentler","srmr_bentler_nomean","crmr","crmr_nomean","srmr_mplus","srmr_mplus_nomean","cn_05","cn_01","gfi","agfi","pgfi","mfi","ecvi"
18,1.73515582930316,315.798360933176,282,0.0810882658615639,578.531482259248,276,0,0.88828150815652,0.890658497344679,0.890658497344679,NA,NA,0.464010549385839,0.886021002978608,0.88828150815652,-2858.9094116274,-2701.01023116081,5753.8188232548,5799.0142943721,91,5742.2006451853,0.0362913036740066,0,0.0563503242257835,0.9,0.856415085840007,0.05,1.92785388436514e-05,0.08,0.0919482064886102,0.0919482064886102,0.1020945178386,0.1020945178386,0.1020945178386,0.0989443040462941,0.0989443040462941,0.101352931379683,0.101352931379683,93.8350824344904,99.0228501460684,0.786935844041545,0.773336004299517,0.739719693399053,0.830518329400527,3.86591605421072
18,1.7107316158071,311.353154076893,282,0.110593809076157,588.903573930898,276,0,0.906191055256611,0.908186990251151,0.908186990251151,NA,NA,0.481545939245252,0.904357079649057,0.906191055256611,-2901.12353491025,-2745.4469578718,5838.2470698205,5883.4425409378,91,5826.628891751,0.0338206645417631,0,0.0545975693566312,0.9,0.890620921952511,0.05,9.56699874436294e-06,0.08,0.0979299926647578,0.0979299926647578,0.10169557719562,0.10169557719562,0.10169557719562,0.0971065595160742,0.0971065595160742,0.100799299821133,0.100799299821133,95.1604942362912,100.422328005329,0.792386709800805,0.779134797660431,0.744843507212757,0.851052835168524,3.8170676272186
18,1.79899734906372,327.417517529597,282,0.0324349008576205,616.385226934054,276,0,0.866570244723351,0.869409175686684,0.869409175686684,NA,NA,0.479001772315722,0.864176064397263,0.866570244723351,-2924.17350634146,-2760.46474757666,5884.34701268292,5929.54248380022,91,5872.72883461341,0.0420694123829826,0.0133902299747523,0.0606835137788543,0.9,0.738551528586628,0.05,0.00010465148420704,0.08,0.104665945582149,0.104665945582149,0.10707876044819,0.10707876044819,0.10707876044819,0.10368006525379,0.10368006525379,0.106360772034143,0.106360772034143,90.5406180191876,95.5442859737291,0.789926426037894,0.776517474508398,0.74253084047562,0.779153815878814,3.99359909373184
