"npar","fmin","chisq","df","pvalue","baseline.chisq","baseline.df","baseline.pvalue","cfi","tli","nnfi","rfi","nfi","pnfi","ifi","rni","logl","unrestricted.logl","aic","bic","ntotal","bic2","rmsea","rmsea.ci.lower","rmsea.ci.upper","rmsea.ci.level","rmsea.pvalue","rmsea.close.h0","rmsea.notclose.pvalue","rmsea.notclose.h0","rmr","rmr_nomean","srmr","srmr_bentler","srmr_bentler_nomean","crmr","crmr_nomean","srmr_mplus","srmr_mplus_nomean","cn_05","cn_01","gfi","agfi","pgfi","mfi","ecvi"
18,1.67171833541061,404.555837169367,282,2.25430670008908e-06,1019.74994464896,276,0,0.835219030198097,0.838725008278989,0.838725008278989,NA,NA,0.616394142233741,0.833878893440402,0.835219030198097,-3737.69169252649,-3535.41377394181,7511.38338505298,7561.70761487372,121,7504.79773450342,0.0599307566884489,0.046292384274924,0.0726315928981199,0.9,0.110107452762908,0.05,0.00381148791732828,0.08,0.0986965973185656,0.0986965973185656,0.105007819545985,0.105007819545985,0.105007819545985,0.0922285700404015,0.0922285700404015,0.10106796299361,0.10106796299361,97.3579396348971,102.742570044902,0.798522317253028,0.785662039630881,0.750610978217846,0.602643734121138,3.64095733197824
NA,NA,NA,NA,NA,NA,NA,NA,NA,NA,NA,NA,NA,NA,NA,NA,NA,NA,NA,NA,NA,NA,NA,NA,NA,NA,NA,NA,NA,NA,NA,NA,NA,NA,NA,NA,NA,NA,NA,NA,NA,NA,NA,NA,NA,NA
18,1.68297115144564,407.279018649845,282,1.4576446756287e-06,1066.83202202074,276,0,0.841585804366228,0.844956319166947,0.844956319166947,NA,NA,0.63167499496629,0.840374736077557,0.841585804366228,-3782.29651013429,-3578.65700080937,7600.59302026859,7650.91725008933,121,7594.00736971903,0.0605929270061474,0.0470599348067486,0.0732333919253621,0.9,0.0949566273912571,0.05,0.00484452157502002,0.08,0.0960117623920132,0.0960117623920132,0.0958221383937967,0.0958221383937967,0.0958221383937967,0.0924830182184733,0.0924830182184733,0.094714468053877,0.094714468053877,96.7136634883362,102.062290752733,0.787801849754552,0.774257286972928,0.740533738769279,0.595900307473699,3.66346296404831
