"npar","fmin","chisq","df","pvalue","baseline.chisq","baseline.df","baseline.pvalue","cfi","tli","nnfi","rfi","nfi","pnfi","ifi","rni","logl","unrestricted.logl","aic","bic","ntotal","bic2","rmsea","rmsea.ci.lower","rmsea.ci.upper","rmsea.ci.level","rmsea.pvalue","rmsea.close.h0","rmsea.notclose.pvalue","rmsea.notclose.h0","rmr","rmr_nomean","srmr","srmr_bentler","srmr_bentler_nomean","crmr","crmr_nomean","srmr_mplus","srmr_mplus_nomean","cn_05","cn_01","gfi","agfi","pgfi","mfi","ecvi"
18,2.80273573947236,341.933760215628,282,0.00838224100053087,558.936905639167,276,0,0.788172702036748,0.7926796658232,0.7926796658232,NA,NA,0.396682707600266,0.78358333976,0.788172702036748,-1943.27560672997,-1772.30872662216,3922.55121345995,3960.54694301507,61,3903.92266958873,0.059026399288991,0.0317768664429561,0.0802211092771078,0.9,0.26078628225982,0.05,0.0519733321503143,0.08,0.121047018726203,0.121047018726203,0.125018495504838,0.125018495504838,0.125018495504838,0.114238196411405,0.114238196411405,0.120053422930754,0.120053422930754,58.4736077259895,61.6853216450156,0.711053603331527,0.692610216310135,0.668390387131635,0.611854769336818,6.19563541337096
18,2.18871106798421,267.022750294073,282,0.730384844793893,536.694317805261,276,0,1,1.05622901543069,1.05622901543069,NA,NA,0.513390926176794,1.05880480505018,1.05745138533136,-1928.01263529758,-1794.50126015054,3892.02527059515,3930.02100015027,61,3873.39672672394,0,0,0.0391113358221751,0.9,0.987759988746126,0.05,5.0686472202252e-06,0.08,0.104370334627241,0.104370334627241,0.105785691267563,0.105785691267563,0.105785691267563,0.0980005162214578,0.0980005162214578,0.103613661594001,0.103613661594001,74.597349968355,78.710083493345,0.768380567614156,0.753596348525698,0.722277733557307,1.13061795021832,4.96758607039465
18,3.08264253045735,376.082388715797,282,0.000148315283808764,581.607243091799,276,0,0.692146076892765,0.698696160363132,0.698696160363132,NA,NA,0.361056002116754,0.685980927080024,0.692146076892765,-1897.91119206507,-1709.86999770717,3831.82238413013,3869.81811368525,61,3813.19384025892,0.0739545154741493,0.0526329439523366,0.0929440662458741,0.9,0.0343421208731689,0.05,0.313454688897995,0.08,0.122402061078099,0.122402061078099,0.132811267059953,0.132811267059953,0.132811267059953,0.125920547937326,0.125920547937326,0.130839857877987,0.130839857877987,53.2549510228638,56.175038349525,0.703751683507911,0.684842216497778,0.661526582497436,0.462472991440011,6.75544899534093
