"npar","fmin","chisq","df","pvalue","baseline.chisq","baseline.df","baseline.pvalue","cfi","tli","nnfi","rfi","nfi","pnfi","ifi","rni","logl","unrestricted.logl","aic","bic","ntotal","bic2","rmsea","rmsea.ci.lower","rmsea.ci.upper","rmsea.ci.level","rmsea.pvalue","rmsea.close.h0","rmsea.notclose.pvalue","rmsea.notclose.h0","rmr","rmr_nomean","srmr","srmr_bentler","srmr_bentler_nomean","crmr","crmr_nomean","srmr_mplus","srmr_mplus_nomean","cn_05","cn_01","gfi","agfi","pgfi","mfi","ecvi"
19,0.984821555051649,297.416109625598,281,0.23965253506,1240.15277161675,276,0,0.982973538936085,0.983276500876724,0.983276500876724,NA,NA,0.773949183258367,0.982884781119981,0.982973538936085,-4610.20411516494,-4461.49606035215,9258.40823032989,9315.73654722937,151,9255.60352805974,0.0196695076065842,0,0.0381846251658302,0.9,0.998937330731481,0.05,4.47883697026693e-14,0.08,0.0737129028471,0.0737129028471,0.0771248367560805,0.0771248367560805,0.0771248367560805,0.0677932222252627,0.0677932222252627,0.0746217170094011,0.0746217170094011,164.023080011406,173.148830865269,0.865893012398782,0.856825280141049,0.811053121613526,0.947093006504338,2.22129873924237
19,1.02267044918117,308.846475652713,281,0.121841193636044,1446.40726238002,276,0,0.976207875200563,0.976631222616923,0.976631222616923,NA,NA,0.800721070833379,0.976105798760989,0.976207875200563,-4582.18720968498,-4427.76397185862,9202.37441936996,9259.70273626944,151,9199.5697170998,0.0256178975779591,0,0.0419693757757276,0.9,0.995930502986253,0.05,9.00216250179578e-13,0.08,0.0761053010932698,0.0761053010932698,0.076244826296572,0.076244826296572,0.076244826296572,0.0751166669692526,0.0751166669692526,0.0745179692221672,0.0745179692221672,157.989618009096,166.777626065955,0.860349459627803,0.850906896399789,0.805860660518042,0.911916479112297,2.29699652750141
19,1.03160673853203,311.545235036673,281,0.1016119268881,1372.70789792469,276,0,0.972148249233479,0.972643831987332,0.972643831987332,NA,NA,0.787047722101394,0.972020688780636,0.972148249233479,-4538.74909784816,-4382.97648032982,9115.49819569632,9172.82651259581,151,9112.69349342617,0.0268305825363348,0,0.0428123262867073,0.9,0.994570416853876,0.05,1.76801877734289e-12,0.08,0.0808681217613377,0.0808681217613377,0.0838315880557397,0.0838315880557397,0.0838315880557397,0.0829429558231465,0.0829429558231465,0.0832692567747586,0.0832692567747586,156.629696055109,165.341578026435,0.860423320721589,0.850985751660059,0.805929843742555,0.903803632950584,2.31486910620313
