"npar","fmin","chisq","df","pvalue","baseline.chisq","baseline.df","baseline.pvalue","cfi","tli","nnfi","rfi","nfi","pnfi","ifi","rni","logl","unrestricted.logl","aic","bic","ntotal","bic2","rmsea","rmsea.ci.lower","rmsea.ci.upper","rmsea.ci.level","rmsea.pvalue","rmsea.close.h0","rmsea.notclose.pvalue","rmsea.notclose.h0","rmr","rmr_nomean","srmr","srmr_bentler","srmr_bentler_nomean","crmr","crmr_nomean","srmr_mplus","srmr_mplus_nomean","cn_05","cn_01","gfi","agfi","pgfi","mfi","ecvi"
19,1.24699479613864,301.772740665551,281,0.188484118600168,875.062514258476,276,0,0.965324586047145,0.965941586295416,0.965941586295416,NA,NA,0.667010011726704,0.965032736173431,0.965324586047145,-3799.80800460811,-3648.92163427534,7637.61600921622,7690.73602958256,121,7630.66448919169,0.0247173014664051,0,0.0443173513296758,0.9,0.987655760518395,0.05,1.04930395217482e-09,0.08,0.0848214791232921,0.0848214791232921,0.0865216431763104,0.0865216431763104,0.0865216431763104,0.0768665082364906,0.0768665082364906,0.0825637492345866,0.0825637492345866,129.74844679648,136.955562796277,0.840984314088498,0.83023236379555,0.787721974196227,0.917743103373225,2.80803917905414
19,1.22148813905358,295.600129650966,281,0.263196525770999,770.094020026755,276,0,0.970450705616361,0.970976493772654,0.970976493772654,NA,NA,0.6273127457478,0.970148623673282,0.970450705616361,-3805.77512789952,-3657.97506307404,7649.55025579904,7702.67027616538,121,7642.5987357745,0.0207220401618929,0,0.041943919231134,0.9,0.993443925042704,0.05,2.5816068309526e-10,0.08,0.0824680842178141,0.0824680842178141,0.0852550681458821,0.0852550681458821,0.0852550681458821,0.0830354714016243,0.0830354714016243,0.0832794636477632,0.0832794636477632,132.436923563202,139.794535855597,0.841370307251886,0.830644456140804,0.788083521125933,0.941452753537696,2.75702586488402
19,1.15775961494325,280.177826816266,281,0.502625766856018,935.460496704772,276,0,1,1.00122455214784,1.00122455214784,NA,NA,0.713182154777142,1.00125626097812,1.00124673606356,-3767.32662253591,-3627.23770912777,7572.65324507182,7625.77326543816,121,7565.70172504728,0,0,0.0352959598264034,0.9,0.998968282133974,0.05,5.71273580442776e-12,0.08,0.0793363825548241,0.0793363825548241,0.0793539342325156,0.0793539342325156,0.0793539342325156,0.0751794621412111,0.0751794621412111,0.0784906024534441,0.0784906024534441,139.671828844205,147.434438656222,0.845971784319324,0.835557065109598,0.792393571312433,1.00340318758825,2.62956881666336
