"npar","fmin","chisq","df","pvalue","baseline.chisq","baseline.df","baseline.pvalue","cfi","tli","nnfi","rfi","nfi","pnfi","ifi","rni","logl","unrestricted.logl","aic","bic","ntotal","bic2","rmsea","rmsea.ci.lower","rmsea.ci.upper","rmsea.ci.level","rmsea.pvalue","rmsea.close.h0","rmsea.notclose.pvalue","rmsea.notclose.h0","rmr","rmr_nomean","srmr","srmr_bentler","srmr_bentler_nomean","crmr","crmr_nomean","srmr_mplus","srmr_mplus_nomean","cn_05","cn_01","gfi","agfi","pgfi","mfi","ecvi"
NA,NA,NA,NA,NA,NA,NA,NA,NA,NA,NA,NA,NA,NA,NA,NA,NA,NA,NA,NA,NA,NA,NA,NA,NA,NA,NA,NA,NA,NA,NA,NA,NA,NA,NA,NA,NA,NA,NA,NA,NA,NA,NA,NA,NA,NA
19,0.332875591707881,140.473499700726,152,0.738941719401063,944.34174769336,153,0,1,1.01466159541299,1.01466159541299,0.850268541227484,0.851247178212925,0.845683471165781,1.01454738480312,1.01456576799199,-5013.17249939941,-4942.93574954904,10064.3449987988,10128.0303033349,211,10067.8265271707,0,0,0.0245219983896095,0.9,0.999988150076396,0.05,8.63366380727666e-17,0.08,0.0679391028938718,0.0679391028938718,0.0679259235749659,0.0679259235749659,0.0679259235749659,0.0584139357021156,0.0584139357021156,0.0627202013013893,0.0627202013013893,274.030300599616,294.616632194449,0.933007532007068,0.924633473507952,0.829340028450727,1.02769042815257,0.845845970145619
19,0.430419919347965,181.637205964841,152,0.0507029371606847,814.122779134243,153,0,0.95517140401114,0.954876479037529,0.954876479037529,0.775424306666055,0.776892121655165,0.771814395369837,0.955239108366588,0.95517140401114,-5044.3242590748,-4953.50565609238,10126.6485181496,10190.3338226856,211,10130.1300465215,0.0303987417260913,0,0.0459123389305058,0.9,0.984007355062095,0.05,1.94245500111056e-10,0.08,0.0758650968890468,0.0758650968890468,0.074229302206337,0.074229302206337,0.074229302206337,0.058686758325318,0.058686758325318,0.0694845827059002,0.0694845827059002,212.154546480929,228.075480904934,0.911963887141504,0.900959373034192,0.810634566348004,0.932179071557452,1.04093462542579
