"npar","fmin","chisq","df","pvalue","baseline.chisq","baseline.df","baseline.pvalue","cfi","tli","nnfi","rfi","nfi","pnfi","ifi","rni","logl","unrestricted.logl","aic","bic","ntotal","bic2","rmsea","rmsea.ci.lower","rmsea.ci.upper","rmsea.ci.level","rmsea.pvalue","rmsea.close.h0","rmsea.notclose.pvalue","rmsea.notclose.h0","rmr","rmr_nomean","srmr","srmr_bentler","srmr_bentler_nomean","crmr","crmr_nomean","srmr_mplus","srmr_mplus_nomean","cn_05","cn_01","gfi","agfi","pgfi","mfi","ecvi"
18,2.73894109961322,334.150814152813,282,0.017811659885714,600.065250374853,276,0,0.839073106133751,0.842497082598991,0.842497082598991,NA,NA,0.45277606837896,0.836037372547452,0.839073106133751,-1924.59920421724,-1757.52379714084,3885.19840843449,3923.19413798961,61,3866.56986456327,0.0550606171296985,0.024724184866402,0.0770121354707438,0.9,0.358894144104228,0.05,0.0289832795591998,0.08,0.118092309223309,0.118092309223309,0.121232577288456,0.121232577288456,0.121232577288456,0.110152258259942,0.110152258259942,0.116489763679963,0.116489763679963,59.8122667087631,63.0987869581713,0.71500759609326,0.696816591588575,0.672107140327664,0.652159777359575,6.06804613365268
18,2.2666483818245,276.531102582588,282,0.580692633845585,589.379391640154,276,0,1,1.01708005708314,1.01708005708314,NA,NA,0.542349025693197,1.01779201067524,1.0174513626719,-1917.56352176835,-1779.29797047705,3871.1270435367,3909.12277309182,61,3852.49849966548,0,0,0.0464710223381776,0.9,0.96820012261613,0.05,2.74104711798151e-05,0.08,0.108805257058219,0.108805257058219,0.107804171336367,0.107804171336367,0.107804171336367,0.0968429292398618,0.0968429292398618,0.10445065349124,0.10445065349124,72.0667502475108,76.0380699537325,0.755644862159426,0.740047725701517,0.71030617042986,1.04584694203715,5.12346069807522
18,3.2012041759095,390.54690946096,282,1.9291374248831e-05,626.738341869947,276,0,0.690518838396035,0.697103543962077,0.697103543962077,NA,NA,0.385050686456616,0.685132472146341,0.690518838396035,-1887.88882856225,-1692.61537383177,3811.77765712451,3849.77338667963,61,3793.14911325329,0.0794363461692406,0.0593387311942866,0.097811998446332,0.9,0.0107485174641166,0.05,0.490757802602783,0.08,0.124263792126307,0.124263792126307,0.134404074385286,0.134404074385286,0.134404074385286,0.128367103377192,0.128367103377192,0.132594035224417,0.132594035224417,51.3196064975393,54.1315437846253,0.690039455139402,0.670254739510002,0.648637087831038,0.410767151631524,6.99257228624524
