"npar","fmin","chisq","df","pvalue","baseline.chisq","baseline.df","baseline.pvalue","cfi","tli","nnfi","rfi","nfi","pnfi","ifi","rni","logl","unrestricted.logl","aic","bic","ntotal","bic2","rmsea","rmsea.ci.lower","rmsea.ci.upper","rmsea.ci.level","rmsea.pvalue","rmsea.close.h0","rmsea.notclose.pvalue","rmsea.notclose.h0","rmr","rmr_nomean","srmr","srmr_bentler","srmr_bentler_nomean","crmr","crmr_nomean","srmr_mplus","srmr_mplus_nomean","cn_05","cn_01","gfi","agfi","pgfi","mfi","ecvi"
14,0.0267711672921238,6.47862248469396,7,0.485100778835589,177.023560906378,15,0,1,1.00689552511097,1.00689552511097,0.921576752856398,0.963402484666319,0.449587826177616,1.00306650156323,1.00321791171845,-943.056135902,-939.816824659653,1914.112271804,1953.25333944235,121,1908.99009915434,0,0,0.106682547869407,0.9,0.671209222928425,0.05,0.150623291584651,0.08,0.0326272634078794,0.0326272634078794,0.0316551169360145,0.0316551169360145,0.0316551169360145,0.037454838896686,0.037454838896686,0.0316551164538019,0.0316551164538019,263.729306791915,346.059793340014,0.98294280611842,0.948828418355259,0.327647602039473,1.00215677504307,0.284947293261934
14,0.0260938165757789,6.3147036113385,7,0.503520786478145,173.897093530802,15,0,1,1.00924178176445,1.00924178176445,0.922186694073839,0.963687123901125,0.449720657820525,1.00410610139556,1.00431283149008,-951.83763659899,-948.680284793321,1931.67527319798,1970.81634083634,121,1926.55310054832,0,0,0.105021252924235,0.9,0.686652173617668,0.05,0.141252232406295,0.08,0.0423666952267516,0.0423666952267516,0.0392958594098274,0.0392958594098274,0.0392958594098274,0.0464954905332654,0.0464954905332654,0.0392958616499277,0.0392958616499277,270.549308904044,355.016953651228,0.983855790960028,0.951567372880085,0.327951930320009,1.00283581660122,0.283592591829244
14,0.0197039861432353,4.76836464666295,7,0.688206500036753,179.450076730297,15,0,1,1.02907919444144,1.02907919444144,0.943059794517636,0.97342790410823,0.454266355250507,1.01294076173029,1.01357029073934,-914.80290014941,-912.418717826078,1857.60580029882,1896.74686793717,121,1852.48362764916,0,0,0.0867681645016894,0.9,0.825430050144707,0.05,0.0667435548575542,0.08,0.0338175371604672,0.0338175371604672,0.037036976574947,0.037036976574947,0.037036976574947,0.0438227407287213,0.0438227407287213,0.0370369757807468,0.0370369757807468,357.961793087985,469.821556518533,0.986941506877553,0.960824520632658,0.328980502292518,1.00926428395634,0.270812930964157
