"npar","fmin","chisq","df","pvalue","baseline.chisq","baseline.df","baseline.pvalue","cfi","tli","nnfi","rfi","nfi","pnfi","ifi","rni","logl","unrestricted.logl","aic","bic","ntotal","bic2","rmsea","rmsea.ci.lower","rmsea.ci.upper","rmsea.ci.level","rmsea.pvalue","rmsea.close.h0","rmsea.notclose.pvalue","rmsea.notclose.h0","rmr","rmr_nomean","srmr","srmr_bentler","srmr_bentler_nomean","crmr","crmr_nomean","srmr_mplus","srmr_mplus_nomean","cn_05","cn_01","gfi","agfi","pgfi","mfi","ecvi"
19,0.604144442358035,73.7056219676803,59,0.0941719034610129,283.473506631621,66,0,0.932379708243771,0.924356961764219,0.924356961764219,0.709142636442033,0.739991144698181,0.66150723541201,0.934488384895179,0.932379708243771,-914.244935419389,-877.392124435549,1866.48987083878,1906.59647425807,61,1846.82640786361,0.0639220619141425,0,0.106383319712281,0.9,0.305925526886066,0.05,0.295585840614588,0.08,0.102556396299413,0.102556396299413,0.110122215511478,0.110122215511478,0.110122215511478,0.0935198776047901,0.0935198776047901,0.101696684512831,0.101696684512831,65.4965991088653,73.1397941356302,0.843206004486419,0.79271302288035,0.63780967006024,0.886443503813939,1.8312397043882
NA,NA,NA,NA,NA,NA,NA,NA,NA,NA,NA,NA,NA,NA,NA,NA,NA,NA,NA,NA,NA,NA,NA,NA,NA,NA,NA,NA,NA,NA,NA,NA,NA,NA,NA,NA,NA,NA,NA,NA,NA,NA,NA,NA,NA,NA
19,0.800614581917356,97.6749789939175,59,0.00115432025390438,341.179104842748,66,0,0.859455248188199,0.842780447125782,0.842780447125782,0.679747281492913,0.713713478910332,0.638016594783478,0.862941733352403,0.859455248188199,-958.6227292712,-909.785239774242,1955.2454585424,1995.35206196169,61,1935.58199556723,0.103663082773859,0.0653788019950197,0.139322577093129,0.9,0.0148768101487945,0.05,0.85876050156185,0.08,0.144601230620988,0.144601230620988,0.130989198246329,0.130989198246329,0.130989198246329,0.131556707388151,0.131556707388151,0.125898465058277,0.125898465058277,49.6691883743849,55.4367498222667,0.814241832944914,0.754421406266158,0.61590087363782,0.72832491062965,2.22417998350684
