"npar","fmin","chisq","df","pvalue","baseline.chisq","baseline.df","baseline.pvalue","cfi","tli","nnfi","rfi","nfi","pnfi","ifi","rni","logl","unrestricted.logl","aic","bic","ntotal","bic2","rmsea","rmsea.ci.lower","rmsea.ci.upper","rmsea.ci.level","rmsea.pvalue","rmsea.close.h0","rmsea.notclose.pvalue","rmsea.notclose.h0","rmr","rmr_nomean","srmr","srmr_bentler","srmr_bentler_nomean","crmr","crmr_nomean","srmr_mplus","srmr_mplus_nomean","cn_05","cn_01","gfi","agfi","pgfi","mfi","ecvi"
19,2.72203738627418,332.08856112545,281,0.0194864533332701,600.065250374853,276,0,0.842351004724035,0.845156146988732,0.845156146988732,NA,NA,0.454669453441156,0.839880522666043,0.842351004724035,-1923.56807770356,-1757.52379714084,3885.13615540712,3925.24275882642,61,3865.47269243195,0.0545938545255266,0.0237150962762861,0.0766766300733224,0.9,0.371061988246931,0.05,0.0272256576705968,0.08,0.118792727600373,0.118792727600373,0.121882794757711,0.121882794757711,0.121882794757711,0.110029809745803,0.110029809745803,0.116847421667728,0.116847421667728,59.9810573417199,63.2827152073441,0.717122598275968,0.697995656522385,0.67170483371849,0.657862919919779,6.06702559222049
19,2.17701173910946,265.595432171354,281,0.736899028932514,589.379391640154,276,0,1,1.04828162158033,1.04828162158033,NA,NA,0.559316487112125,1.0499532985869,1.04915628863794,-1912.09568656273,-1779.29797047705,3862.19137312546,3902.29797654476,61,3842.52791015029,0,0,0.0387608168201414,0.9,0.988263207348116,0.05,4.80488431322103e-06,0.08,0.105102398292753,0.105102398292753,0.105139430338456,0.105139430338456,0.105139430338456,0.0949224447153918,0.0949224447153918,0.102023170340611,0.102023170340611,74.7472565176969,78.8755007459947,0.769033426188794,0.753416469240706,0.720327975863504,1.13458500466364,4.97697429789105
19,3.09099704548137,377.101639548728,281,0.000110454066091337,626.738341869947,276,0,0.726001899203932,0.730877310250125,0.730877310250125,NA,NA,0.405526659802661,0.722039392481158,0.726001899203932,-1881.16619360614,-1692.61537383177,3800.33238721227,3840.43899063157,61,3780.6689242371,0.0748768078142148,0.0537419187402459,0.0937893673005547,0.9,0.0289696002574581,0.05,0.341295386015501,0.08,0.122851430783329,0.122851430783329,0.132606418187288,0.132606418187288,0.132606418187288,0.12549557011988,0.12549557011988,0.130705326391191,0.130705326391191,52.940730063409,55.8482825504142,0.697442268428185,0.676984628215144,0.653270924761067,0.454881489335356,6.80494491063488
