"npar","fmin","chisq","df","pvalue","baseline.chisq","baseline.df","baseline.pvalue","cfi","tli","nnfi","rfi","nfi","pnfi","ifi","rni","logl","unrestricted.logl","aic","bic","ntotal","bic2","rmsea","rmsea.ci.lower","rmsea.ci.upper","rmsea.ci.level","rmsea.pvalue","rmsea.close.h0","rmsea.notclose.pvalue","rmsea.notclose.h0","rmr","rmr_nomean","srmr","srmr_bentler","srmr_bentler_nomean","crmr","crmr_nomean","srmr_mplus","srmr_mplus_nomean","cn_05","cn_01","gfi","agfi","pgfi","mfi","ecvi"
19,1.78092756582161,110.41750908094,59,5.71823541736238e-05,170.555241760425,66,3.39339667476679e-11,0.508226386212594,0.449880364237817,0.449880364237817,0.275789531653476,0.352599732841744,0.31520279147974,0.539084777465107,0.508226386212594,-495.897864739236,-440.689110198766,1029.79572947847,1057.04148636369,31,997.846350369724,0.167667413184332,0.118449580583538,0.215566000466771,0.9,0.000374077374846515,0.05,0.996701062539369,0.08,0.172597840729108,0.172597840729108,0.17764788712802,0.17764788712802,0.17764788712802,0.174246730675999,0.174246730675999,0.174516978609498,0.174516978609498,22.8791952297279,25.4719979275447,0.705095246926395,0.610125919665404,0.533341276521248,0.43634822963434,4.78766158325613
19,1.38163196204489,85.6611816467833,59,0.0132561420094462,235.185673994613,66,0,0.842414661848779,0.823718096305413,0.823718096305413,0.592558632241277,0.63577211063993,0.568341735269028,0.848675655390696,0.842414661848779,-474.843890776887,-432.013299953494,987.687781553773,1014.93353843899,31,955.738402445025,0.120734904845718,0.0569268185062456,0.174023252798653,0.9,0.0384543334416487,0.05,0.875158882923063,0.08,0.149464802112079,0.149464802112079,0.132632067008518,0.132632067008518,0.132632067008518,0.138223193150634,0.138223193150634,0.135554581631937,0.135554581631937,29.2023454675617,32.544475589135,0.701052821949217,0.604781696814219,0.530283544807741,0.650496696906311,3.98907037570269
NA,NA,NA,NA,NA,NA,NA,NA,NA,NA,NA,NA,NA,NA,NA,NA,NA,NA,NA,NA,NA,NA,NA,NA,NA,NA,NA,NA,NA,NA,NA,NA,NA,NA,NA,NA,NA,NA,NA,NA,NA,NA,NA,NA,NA,NA
