"npar","fmin","chisq","df","pvalue","baseline.chisq","baseline.df","baseline.pvalue","cfi","tli","nnfi","rfi","nfi","pnfi","ifi","rni","logl","unrestricted.logl","aic","bic","ntotal","bic2","rmsea","rmsea.ci.lower","rmsea.ci.upper","rmsea.ci.level","rmsea.pvalue","rmsea.close.h0","rmsea.notclose.pvalue","rmsea.notclose.h0","rmr","rmr_nomean","srmr","srmr_bentler","srmr_bentler_nomean","crmr","crmr_nomean","srmr_mplus","srmr_mplus_nomean","cn_05","cn_01","gfi","agfi","pgfi","mfi","ecvi"
NA,NA,NA,NA,NA,NA,NA,NA,NA,NA,NA,NA,NA,NA,NA,NA,NA,NA,NA,NA,NA,NA,NA,NA,NA,NA,NA,NA,NA,NA,NA,NA,NA,NA,NA,NA,NA,NA,NA,NA,NA,NA,NA,NA,NA,NA
18,1.57397476981278,97.5864357283924,60,0.00155333137072977,235.185673994613,66,0,0.777839134715453,0.755623048186998,0.755623048186998,0.543573052397356,0.585066411270323,0.531878555700294,0.785448005699665,0.777839134715453,-480.80651781769,-432.013299953494,997.61303563538,1023.42480531611,31,967.345202795514,0.142154005023766,0.0880463281553065,0.192129142652031,0.9,0.00643664030464974,0.05,0.96767844225384,0.08,0.173691036224365,0.173691036224365,0.14931517672706,0.14931517672706,0.14931517672706,0.151548466967097,0.151548466967097,0.151525783257301,0.151525783257301,26.1217319376902,29.0752336684411,0.666791216824003,0.566828581871203,0.512916320633848,0.545401622153857,4.30923986220621
NA,NA,NA,NA,NA,NA,NA,NA,NA,NA,NA,NA,NA,NA,NA,NA,NA,NA,NA,NA,NA,NA,NA,NA,NA,NA,NA,NA,NA,NA,NA,NA,NA,NA,NA,NA,NA,NA,NA,NA,NA,NA,NA,NA,NA,NA
