"npar","fmin","chisq","df","pvalue","baseline.chisq","baseline.df","baseline.pvalue","cfi","tli","nnfi","rfi","nfi","pnfi","ifi","rni","logl","unrestricted.logl","aic","bic","ntotal","bic2","rmsea","rmsea.ci.lower","rmsea.ci.upper","rmsea.ci.level","rmsea.pvalue","rmsea.close.h0","rmsea.notclose.pvalue","rmsea.notclose.h0","rmr","rmr_nomean","srmr","srmr_bentler","srmr_bentler_nomean","crmr","crmr_nomean","srmr_mplus","srmr_mplus_nomean","cn_05","cn_01","gfi","agfi","pgfi","mfi","ecvi"
19,1.50603503851807,274.098377010289,281,0.604634387090708,882.577994905986,276,0,1,1.01117550977303,1.01117550977303,NA,NA,0.701924139231803,1.01147253232025,1.01137796466023,-2778.52554043959,-2641.47635193445,5595.05108087919,5642.75741150301,91,5582.78744847249,0,0,0.0372324384162844,0.9,0.99582736503109,0.05,9.60800315784391e-09,0.08,0.0862661926874658,0.0862661926874658,0.0856070177161356,0.0856070177161356,0.0856070177161356,0.0818367624425851,0.0818367624425851,0.0839715478516477,0.0839715478516477,107.603524526309,113.571005970671,0.807244902923251,0.794211640131584,0.756119392404778,1.03864918200052,3.42965249461856
19,1.59164128050817,289.678713052488,281,0.348104945357027,917.941106452581,276,0,0.986480515166809,0.986721075395157,0.986721075395157,NA,NA,0.696824615437313,0.986374386949488,0.986480515166809,-2772.28569065116,-2627.44633412492,5582.57138130232,5630.27771192614,91,5570.30774889562,0.0184227224220159,0,0.0455805212593576,0.9,0.978087955832562,0.05,2.54375057107088e-07,0.08,0.0978445173625943,0.0978445173625943,0.0983098963719271,0.0983098963719271,0.0983098963719271,0.0921439850963899,0.0921439850963899,0.0943482216849701,0.0943482216849701,101.869866302339,107.516387448137,0.797952376206189,0.784290793102693,0.747415392379797,0.953433845975916,3.60086497859877
19,1.95385248437588,355.601152156411,281,0.00168164812916316,902.684070972948,276,0,0.880958914368782,0.883077083152256,0.883077083152256,NA,NA,0.617041841292841,0.8800015061675,0.880958914368782,-2803.65731136869,-2625.85673529048,5645.31462273738,5693.0209533612,91,5633.05099033068,0.054013076077278,0.0344760559432261,0.0704623836594361,0.9,0.345890811073228,0.05,0.00339315817732962,0.08,0.101429794205982,0.101429794205982,0.103014794069394,0.103014794069394,0.103014794069394,0.0950261211705967,0.0950261211705967,0.100353426960523,0.100353426960523,83.1702991653571,87.770050793887,0.775344178945105,0.7601539276994,0.726239047611915,0.663718981036406,4.32528738633419
