"npar","fmin","chisq","df","pvalue","baseline.chisq","baseline.df","baseline.pvalue","cfi","tli","nnfi","rfi","nfi","pnfi","ifi","rni","logl","unrestricted.logl","aic","bic","ntotal","bic2","rmsea","rmsea.ci.lower","rmsea.ci.upper","rmsea.ci.level","rmsea.pvalue","rmsea.close.h0","rmsea.notclose.pvalue","rmsea.notclose.h0","rmr","rmr_nomean","srmr","srmr_bentler","srmr_bentler_nomean","crmr","crmr_nomean","srmr_mplus","srmr_mplus_nomean","cn_05","cn_01","gfi","agfi","pgfi","mfi","ecvi"
14,0.00803305169300916,3.38994781444987,7,0.846740927962879,284.232782163456,15,0,1,1.02873285359135,1.02873285359135,0.974442870970705,0.988073339786329,0.461100891900287,1.01302173630903,1.01340866500929,-1656.79349460432,-1655.0985206971,3341.58698920865,3388.51300307731,211,3344.15232590371,0,0,0.0476623489985505,0.9,0.955432940895593,0.05,0.00591209254344345,0.08,0.0201801690142528,0.0201801690142528,0.0210692012234492,0.0210692012234492,0.0210692012234492,0.024929418824408,0.024929418824408,0.0210692043874004,0.0210692043874004,876.578857632786,1150.95568388167,0.994713611934846,0.984140835804537,0.331571203978282,1.00859132140916,0.148767525186966
14,0.00975418318584964,4.11626530442855,7,0.766292798483087,254.850065187907,15,0,1,1.0257637265417,1.0257637265417,0.965389184801714,0.9838482862408,0.459129200245707,1.01163499672024,1.01202307238613,-1638.66077394381,-1636.60264129159,3305.32154788761,3352.24756175628,211,3307.88688458267,0,0,0.0582379650906887,0.9,0.92408636293754,0.05,0.0116292165494713,0.08,0.0251031389547223,0.0251031389547223,0.0260302232950524,0.0260302232950524,0.0260302232950524,0.030799374516376,0.030799374516376,0.0260302224154956,0.0260302224154956,722.082441313349,948.045311461057,0.993625752894709,0.980877258684127,0.331208584298236,1.00685689613761,0.152209788172647
14,0.0109497083594103,4.62077692767116,7,0.706129114716891,299.993177405909,15,0,1,1.01788932353187,1.01788932353187,0.966993699888007,0.984597059947737,0.459478627975611,1.00812040435001,1.00834835098154,-1614.21797105333,-1611.9075825895,3256.43594210666,3303.36195597533,211,3259.00127880172,0,0,0.0641335956630295,0.9,0.89732243309868,0.05,0.0172808350978408,0.08,0.0209301342255654,0.0209301342255654,0.0220482028990155,0.0220482028990155,0.0220482028990155,0.0260877854869095,0.0260877854869095,0.0220482029007146,0.0220482029007146,643.352288645691,844.643789412182,0.9927717953486,0.978315386045801,0.330923931782867,1.00565389262588,0.154600838519769
