"npar","fmin","chisq","df","pvalue","baseline.chisq","baseline.df","baseline.pvalue","cfi","tli","nnfi","rfi","nfi","pnfi","ifi","rni","logl","unrestricted.logl","aic","bic","ntotal","bic2","rmsea","rmsea.ci.lower","rmsea.ci.upper","rmsea.ci.level","rmsea.pvalue","rmsea.close.h0","rmsea.notclose.pvalue","rmsea.notclose.h0","rmr","rmr_nomean","srmr","srmr_bentler","srmr_bentler_nomean","crmr","crmr_nomean","srmr_mplus","srmr_mplus_nomean","cn_05","cn_01","gfi","agfi","pgfi","mfi","ecvi"
18,3.07086615610407,374.645671044696,282,0.000179771424538178,625.098735166248,276,0,0.73461470434553,0.740261199997753,0.740261199997753,NA,NA,0.40937164251696,0.729973731906051,0.73461470434553,-1930.94801655576,-1743.62518103341,3897.89603311151,3935.89176266663,61,3879.2674892403,0.0733876690836541,0.0519211101029697,0.0924457979213438,0.9,0.0381722745120855,0.05,0.297128953263241,0.08,0.129469193790369,0.129469193790369,0.133331699072179,0.133331699072179,0.133331699072179,0.122053702037459,0.122053702037459,0.127516487441123,0.127516487441123,53.4553419984961,56.3866274822097,0.686594814682919,0.666590228386085,0.645399125801944,0.467951441340101,6.73189624663436
18,2.28841370886425,279.186472481438,282,0.536161247081506,604.862910676069,276,0,1,1.00837329215773,1.00837329215773,NA,NA,0.550135170946669,1.00871431008495,1.00855532024812,-1906.52807427788,-1766.93483803716,3849.05614855576,3887.05187811088,61,3830.42760468454,0,0,0.0483219183312511,0.9,0.959630757278798,0.05,4.25727819234136e-05,0.08,0.108350225698248,0.108350225698248,0.109830793002817,0.109830793002817,0.109830793002817,0.102171881877579,0.102171881877579,0.107151143083804,0.107151143083804,71.3908274216695,75.324375516993,0.759939552623197,0.744616545343826,0.714343179465805,1.02332967803497,5.16699135215472
18,3.19574284649607,389.880627272521,282,2.12774276552308e-05,635.087677880751,276,0,0.699570233350232,0.705962356044908,0.705962356044908,NA,NA,0.394492992685607,0.694465046415594,0.699570233350232,-1872.17477764732,-1677.23446401106,3780.34955529464,3818.34528484976,61,3761.72101142342,0.0791921729718288,0.0590460629163111,0.0975933812315593,0.9,0.0113827971656747,0.05,0.482352431139864,0.08,0.121112246544863,0.121112246544863,0.133268510559736,0.133268510559736,0.133268510559736,0.128794536925333,0.128794536925333,0.132055117445253,0.132055117445253,51.4055996328564,54.2223423490874,0.696455395560679,0.677080208043276,0.654668071827039,0.413016623320669,6.98164962741838
