"npar","fmin","chisq","df","pvalue","baseline.chisq","baseline.df","baseline.pvalue","cfi","tli","nnfi","rfi","nfi","pnfi","ifi","rni","logl","unrestricted.logl","aic","bic","ntotal","bic2","rmsea","rmsea.ci.lower","rmsea.ci.upper","rmsea.ci.level","rmsea.pvalue","rmsea.close.h0","rmsea.notclose.pvalue","rmsea.notclose.h0","rmr","rmr_nomean","srmr","srmr_bentler","srmr_bentler_nomean","crmr","crmr_nomean","srmr_mplus","srmr_mplus_nomean","cn_05","cn_01","gfi","agfi","pgfi","mfi","ecvi"
18,3.25549214049126,397.170041139933,282,7.1353702306709e-06,776.999628872306,276,0,0.770119508073952,0.775010582370251,0.775010582370251,NA,NA,0.49946838873826,0.767333075779652,0.770119508073952,-1840.84423528506,-1642.25921471509,3717.68847057012,3755.68420012524,61,3699.0599266989,0.0818239214296279,0.0621755547840301,0.099957769576302,0.9,0.0059603665391692,0.05,0.573448361289754,0.08,0.123231547634365,0.123231547634365,0.137329647798899,0.137329647798899,0.137329647798899,0.120503462243111,0.120503462243111,0.130517684307787,0.130517684307787,50.4804863591955,53.2455323176407,0.687326738734099,0.667368870993722,0.646087134410053,0.389061935561692,7.10114821540874
18,3.67499172891765,448.348990927953,282,1.02941966062531e-09,772.644249520666,276,0,0.665054027931454,0.672180537975465,0.672180537975465,NA,NA,0.428845688975491,0.660958034073634,0.665054027931454,-1920.50235907101,-1696.32786360703,3877.00471814201,3915.00044769713,61,3858.3761742708,0.0983378284493038,0.0809082671797827,0.115132680495436,0.9,2.01801459709383e-05,0.05,0.957783589522963,0.08,0.134858065983047,0.134858065983047,0.131053845243177,0.131053845243177,0.131053845243177,0.13063847908661,0.13063847908661,0.130847086809071,0.130847086809071,44.8322985008425,47.2817150029217,0.654061955381219,0.631980803597042,0.614818238058346,0.255759860648938,7.94014739226153
NA,NA,NA,NA,NA,NA,NA,NA,NA,NA,NA,NA,NA,NA,NA,NA,NA,NA,NA,NA,NA,NA,NA,NA,NA,NA,NA,NA,NA,NA,NA,NA,NA,NA,NA,NA,NA,NA,NA,NA,NA,NA,NA,NA,NA,NA
