"npar","fmin","chisq","df","pvalue","baseline.chisq","baseline.df","baseline.pvalue","cfi","tli","nnfi","rfi","nfi","pnfi","ifi","rni","logl","unrestricted.logl","aic","bic","ntotal","bic2","rmsea","rmsea.ci.lower","rmsea.ci.upper","rmsea.ci.level","rmsea.pvalue","rmsea.close.h0","rmsea.notclose.pvalue","rmsea.notclose.h0","rmr","rmr_nomean","srmr","srmr_bentler","srmr_bentler_nomean","crmr","crmr_nomean","srmr_mplus","srmr_mplus_nomean","cn_05","cn_01","gfi","agfi","pgfi","mfi","ecvi"
18,1.23807723110587,299.614689927621,282,0.225202026034148,747.792073957026,276,0,0.962664294506089,0.963458671218725,0.963458671218725,NA,NA,0.612363231152749,0.962183362679447,0.962664294506089,-3855.00672089313,-3705.19937592932,7746.01344178627,7796.33767160701,121,7739.42779123671,0.0227206243838896,0,0.0430657551236673,0.9,0.991165512899094,0.05,4.75355748081622e-10,0.08,0.085077813841792,0.085077813841792,0.0870959948320493,0.0870959948320493,0.0870959948320493,0.0781883826136212,0.0781883826136212,0.0837840965106972,0.0837840965106972,131.107662432467,138.378279450255,0.841459921459446,0.831340341978134,0.790972326171879,0.929797949624155,2.77367512336877
18,1.25895012828173,304.665931044178,282,0.169065069707581,685.459229789417,276,0,0.944644229766574,0.945822012111966,0.945822012111966,NA,NA,0.56760693711117,0.943821012457668,0.944644229766574,-3862.03713753934,-3709.70417201725,7760.07427507867,7810.39850489941,121,7753.48862452911,0.0257732711183012,0,0.044960449413885,0.9,0.985443358450198,0.05,1.46607015816133e-09,0.08,0.084191337174882,0.084191337174882,0.0870736368303414,0.0870736368303414,0.0870736368303414,0.0838754584084782,0.0838754584084782,0.0850867116422011,0.0850867116422011,128.950528643974,136.100601695796,0.837686533099452,0.82732609904197,0.787425341113485,0.91059151688816,2.81542091772048
18,1.20726268542957,292.157569873956,282,0.326112257055022,826.833572476256,276,0,0.981559639096991,0.981951987201311,0.981951987201311,NA,NA,0.660712641755857,0.981356563936048,0.981559639096991,-3817.70997504528,-3671.6311901083,7671.41995009056,7721.74417991131,121,7664.834299541,0.0172535183442941,0,0.0400988958234008,0.9,0.996065741574918,0.05,8.29722243878896e-11,0.08,0.0799456638254354,0.0799456638254354,0.0805149826907211,0.0805149826907211,0.0805149826907211,0.076775987844884,0.076775987844884,0.0797578269194388,0.0797578269194388,134.428570595412,141.884765087675,0.840969781618009,0.830818916614903,0.790511594720929,0.958895258818199,2.71204603201616
