"npar","fmin","chisq","df","pvalue","baseline.chisq","baseline.df","baseline.pvalue","cfi","tli","nnfi","rfi","nfi","pnfi","ifi","rni","logl","unrestricted.logl","aic","bic","ntotal","bic2","rmsea","rmsea.ci.lower","rmsea.ci.upper","rmsea.ci.level","rmsea.pvalue","rmsea.close.h0","rmsea.notclose.pvalue","rmsea.notclose.h0","rmr","rmr_nomean","srmr","srmr_bentler","srmr_bentler_nomean","crmr","crmr_nomean","srmr_mplus","srmr_mplus_nomean","cn_05","cn_01","gfi","agfi","pgfi","mfi","ecvi"
13,0.048243602263998,8.78033561204764,8,0.361164257408645,76.428187923392,15,3.12257442125485e-10,0.987296782821906,0.976181467791073,0.976181467791073,0.78459348939306,0.885116527676299,0.472062148094026,0.988596284137741,0.987296782821906,-717.547356949506,-713.157189143482,1461.09471389901,1493.73588748373,91,1452.70380751548,0.0327397247543183,0,0.130042059300056,0.9,0.523922150112859,0.05,0.28050698664153,0.08,0.060218760961084,0.060218760961084,0.0652732636400336,0.0652732636400336,0.0652732636400336,0.0772323666326523,0.0772323666326523,0.0652732632623428,0.0652732632623428,161.718855227752,209.216572632011,0.969732079985599,0.920546709962196,0.369421744756418,0.995721620147761,0.382201490242282
