"npar","fmin","chisq","df","pvalue","baseline.chisq","baseline.df","baseline.pvalue","cfi","tli","nnfi","rfi","nfi","pnfi","ifi","rni","logl","unrestricted.logl","aic","bic","ntotal","bic2","rmsea","rmsea.ci.lower","rmsea.ci.upper","rmsea.ci.level","rmsea.pvalue","rmsea.close.h0","rmsea.notclose.pvalue","rmsea.notclose.h0","rmr","rmr_nomean","srmr","srmr_bentler","srmr_bentler_nomean","crmr","crmr_nomean","srmr_mplus","srmr_mplus_nomean","cn_05","cn_01","gfi","agfi","pgfi","mfi","ecvi"
18,0.471384906770322,85.7920530321985,60,0.0161145168035755,263.20275168985,66,0,0.869210481034449,0.856131529137893,0.856131529137893,0.641450335418139,0.674045759471036,0.612768872246396,0.873072323983264,0.869210481034449,-1488.51413833798,-1445.61811182188,3013.02827667596,3058.22374779327,91,3001.41009860646,0.0687300460982414,0.0307016872978484,0.0998586602846541,0.9,0.175875102229285,0.05,0.297268627629582,0.08,0.0982320550465236,0.0982320550465236,0.0903356203340025,0.0903356203340025,0.0903356203340025,0.0958218915115377,0.0958218915115377,0.091634205306352,0.091634205306352,84.8825589788991,94.7444301165454,0.875249545061294,0.837824408579682,0.67326888081638,0.867868930805329,1.33837420914504
18,0.467041342798901,85.0015243894,60,0.0185627481772938,311.800466446988,66,0,0.898285285008635,0.888113813509498,0.888113813509498,0.700123358076384,0.727384870978531,0.661258973616846,0.900708983020635,0.898285285008635,-1442.20598928185,-1399.70522708715,2920.4119785637,2965.607449681,91,2908.79380049419,0.0676685582154104,0.0288192557240769,0.0989735503689573,0.9,0.190272011779245,0.05,0.279415353929725,0.08,0.0793914554588032,0.0793914554588032,0.0787788318791728,0.0787788318791728,0.0787788318791728,0.0840035518710715,0.0840035518710715,0.0809558238521247,0.0809558238521247,85.6626810529489,95.616269270517,0.879324864055899,0.843122323272669,0.676403741581461,0.871646773736744,1.3296870812022
NA,NA,NA,NA,NA,NA,NA,NA,NA,NA,NA,NA,NA,NA,NA,NA,NA,NA,NA,NA,NA,NA,NA,NA,NA,NA,NA,NA,NA,NA,NA,NA,NA,NA,NA,NA,NA,NA,NA,NA,NA,NA,NA,NA,NA,NA
