"npar","fmin","chisq","df","pvalue","baseline.chisq","baseline.df","baseline.pvalue","cfi","tli","nnfi","rfi","nfi","pnfi","ifi","rni","logl","unrestricted.logl","aic","bic","ntotal","bic2","rmsea","rmsea.ci.lower","rmsea.ci.upper","rmsea.ci.level","rmsea.pvalue","rmsea.close.h0","rmsea.notclose.pvalue","rmsea.notclose.h0","rmr","rmr_nomean","srmr","srmr_bentler","srmr_bentler_nomean","crmr","crmr_nomean","srmr_mplus","srmr_mplus_nomean","cn_05","cn_01","gfi","agfi","pgfi","mfi","ecvi"
18,0.423165866805807,77.0161877586568,60,0.0685810062345178,304.404389735722,66,0,0.928624687752102,0.921487156527312,0.921487156527312,0.721693216684317,0.746993833349379,0.67908530304489,0.930376914354703,0.928624687752102,-1450.80863534948,-1412.30054147015,2937.61727069895,2982.81274181625,91,2925.99909262945,0.0558257817188072,0,0.0894735979510587,0.9,0.378597563433843,0.05,0.129041958416334,0.08,0.0987399554626473,0.0987399554626473,0.0948359890045345,0.0948359890045345,0.0948359890045345,0.0816061201718216,0.0816061201718216,0.0909784309728384,0.0909784309728384,94.4408357233358,105.426450517578,0.886451488234173,0.852386934704425,0.681885760180133,0.910742081935657,1.24193612921601
