"npar","fmin","chisq","df","pvalue","baseline.chisq","baseline.df","baseline.pvalue","cfi","tli","nnfi","rfi","nfi","pnfi","ifi","rni","logl","unrestricted.logl","aic","bic","ntotal","bic2","rmsea","rmsea.ci.lower","rmsea.ci.upper","rmsea.ci.level","rmsea.pvalue","rmsea.close.h0","rmsea.notclose.pvalue","rmsea.notclose.h0","rmr","rmr_nomean","srmr","srmr_bentler","srmr_bentler_nomean","crmr","crmr_nomean","srmr_mplus","srmr_mplus_nomean","cn_05","cn_01","gfi","agfi","pgfi","mfi","ecvi"
18,0.438016853693171,79.719067372157,60,0.0452119559427908,246.97865403912,66,0,0.891042026603344,0.880146229263679,0.880146229263679,0.644945129162932,0.677222844693575,0.615657131539613,0.89453840346914,0.891042026603344,-1476.80956082835,-1436.95002714227,2989.6191216567,3034.81459277401,91,2978.0009435872,0.0600961795854059,0.00941421840352396,0.0928125872636744,0.9,0.306635979406431,0.05,0.173050855468381,0.08,0.0994826340336732,0.0994826340336732,0.0958555578363411,0.0958555578363411,0.0958555578363411,0.0835385808964459,0.0835385808964459,0.0935680597784661,0.0935680597784661,91.2727187562118,101.885865642237,0.879759777220048,0.843687710386062,0.676738290169267,0.897316600791549,1.27163810299074
