"npar","PPP","MargLogLik","BRMSEA","BGammaHat","adjBGammaHat","BMc","BCFI","BTLI","BNFI"
NA,NA,NA,NA,NA,NA,NA,NA,NA,NA
NA,NA,NA,NA,NA,NA,NA,NA,NA,NA
84,0,-3604.32972323015,0.0720179374896715,0.866423830667039,0.860678486349854,0.314801658531877,0.783982910717599,0.791415790160386,0.532826347209592
