"npar","PPP","MargLogLik","BRMSEA","BGammaHat","adjBGammaHat","BMc","BCFI","BTLI","BNFI"
NA,NA,NA,NA,NA,NA,NA,NA,NA,NA
84,0.3515,-3717.34057375052,0.0451892305680079,0.942705644015957,0.940263479956148,0.634184191367424,0.845026068619709,0.848346844585012,0.455766357624687
84,0.57775,-3768.97526394669,0.0384663602000606,0.957697619479418,0.955975925487851,0.718312823012266,0.867184856253966,0.870065604794458,0.4310714844536
