"BRMSEA","BGammahat","adjBGammahat","BMc","pd_1","p_1","loglik","logliksat_1","chisqs"
0.062,0.894,0.887,0.413,32.4505363303205,30,-3632.24188855979,-3303.85136265184,656.781051815911
0.061,0.898,0.889,0.428,39.5808441305799,30,-3630.85073531203,-3305.66605907825,650.369352467569
0.052,0.922,0.917,0.53,29.8749197350644,30,-3673.46909045071,-3368.0062672898,610.925646321818
