"BRMSEA","BGammahat","adjBGammahat","BMc","pd_1","p_1","loglik","logliksat_1","chisqs"
0.056,0.912,0.906,0.486,32.4508879681585,30,-3665.27447298913,-3351.74594289887,627.057060180531
0.057,0.911,0.902,0.482,41.2269584822289,30,-3668.18755632622,-3353.44343975361,629.488233145233
0.045,0.94,0.937,0.622,27.9965655632659,30,-3721.01795595713,-3430.02934406092,581.977223792436
