"BRMSEA","BGammahat","adjBGammahat","BMc","pd_1","p_1","loglik","logliksat_1","chisqs"
0.059,0.903,0.897,0.451,30.9381969305363,30,-3507.90953353569,-3187.25669318999,641.305680691402
0.06,0.899,0.893,0.433,30.7898464013845,30,-3558.43600092639,-3234.33875562695,648.19449059887
0.085,0.823,0.805,0.2,44.6526970802457,30,-3594.05775626191,-3199.33328869591,789.448935132005
