"npar","PPP","MargLogLik","BRMSEA","BGammaHat","adjBGammaHat","BMc","BCFI","BTLI","BNFI","chisq","pd"
33,0.03125,-1493.19976521816,0.0756598453034493,0.942696743635459,0.929449758775004,0.833456133678933,0.89917476802472,0.893388327628075,0.756522098555235,96.6007753331105,14.6458013633189
33,0.623,-1460.64045017309,0.0132923057849082,0.99537850135902,0.994254389676445,0.98625044498062,0.99100415830044,0.99941493696286,0.82158787617524,62.8948069707833,15.2604695242547
33,0.00775,-1470.28613717825,0.0864244761466466,0.929743599885729,0.909429334881756,0.797307204575666,0.870784534062467,0.862409704132628,0.734962506905714,101.817647623105,17.4947668568094
