"npar","PPP","MargLogLik","BRMSEA","BGammaHat","adjBGammaHat","BMc","BCFI","BTLI","BNFI","chisq","pd"
33,0.217,-1478.38400754238,0.0533389868895277,0.971734904026876,0.962973617543125,0.916599152370183,0.900271966774648,0.891934670805444,0.663642253942274,75.4842748974012,18.4565788064361
33,0.1615,-1501.32834846835,0.0571148887038051,0.966739893812064,0.958126473924891,0.902103897177352,0.910979168948257,0.904754544081047,0.709360882993552,80.8021118067097,16.0446662646561
33,0.50975,-1506.93156112376,0.0230768183284129,0.991423949157032,0.98928192103599,0.97450690892233,0.969947233782751,0.97254796028353,0.703333455070961,66.5529776695921,15.5884458401848
