"npar","PPP","MargLogLik","BRMSEA","BGammaHat","adjBGammaHat","BMc","BCFI","BTLI","BNFI","chisq","pd"
33,0.21225,-1494.48590821301,0.0544295938685778,0.97105043426765,0.961564767852224,0.914602736005056,0.897543480401966,0.887680235874804,0.664636511635522,75.085252116288,19.2500978674594
33,0.272,-1517.22485035199,0.046494628862148,0.976927110267035,0.971180109475988,0.931765797959538,0.929882429007633,0.926024489570352,0.69923514685196,75.4024087703575,15.5540515092588
33,0.562,-1511.36806039625,0.0176210046855905,0.993758975051693,0.99217242443154,0.981438946842494,0.976400179044444,0.98391622343699,0.696693750921076,64.4312965861868,15.8096140100631
