"npar","PPP","MargLogLik","BRMSEA","BGammaHat","adjBGammaHat","BMc","BCFI","BTLI","BNFI","chisq","pd"
33,0.22275,-1491.5724522182,0.0529483413452222,0.971985369996106,0.96350062100936,0.917329087180623,0.883092267734884,0.87365922025825,0.621391449925807,75.6641806032154,18.1321008539877
33,0.50225,-1522.63487368278,0.0232998935057451,0.99135814308728,0.989227086404738,0.974312775762012,0.96940685321209,0.971846498663798,0.700483136119252,66.767745362101,15.4296625298632
33,0.7825,-1517.03626650766,0.00360191039759509,0.998908284293854,0.99862785179456,0.996746977700678,0.995154717931082,1.05104813086036,0.705783858754564,56.043497241894,15.941233503942
