"npar","PPP","MargLogLik","BRMSEA","BGammaHat","adjBGammaHat","BMc","BCFI","BTLI","BNFI","chisq","pd"
33,0.037,-1589.71171684805,0.0755708468316335,0.944963779455042,0.929307788063514,0.839877507585512,0.875000393717619,0.862594547831419,0.712197281195058,92.5955178790834,17.2744252172561
33,0.01425,-1493.99321098333,0.082468647589138,0.934808978968264,0.916963257480345,0.811396947428049,0.833078292697756,0.81818188213817,0.663388158965554,99.3777774288461,16.7632572499839
33,0.006,-1504.1664562487,0.0890878259109289,0.926334118038913,0.904149283320966,0.787896507570979,0.833194906461075,0.821750193629424,0.681499880341135,103.421002809033,18.0532516391536
