"BRMSEA","BGammahat","adjBGammahat","BMc","pd_1","p_1","loglik","logliksat_1","chisq"
0.098,0.911,0.866,0.748,30.2942935969744,12,-1452.94193275131,-1380.83541796305,144.213029576538
0.053,0.966,0.952,0.9,25.023694208272,12,-1395.03251775609,-1340.16013285642,109.74476979935
0.114,0.885,0.827,0.679,30.3593518580771,12,-1429.20778606321,-1348.53657968016,161.342412766105
