"BRMSEA","BGammahat","adjBGammahat","BMc","pd_1","p_1","loglik","logliksat_1","chisq"
0.072,0.947,0.925,0.846,26.6769407004493,12,-1450.4635603717,-1390.13056241107,120.665995921243
0.067,0.95,0.933,0.855,23.5379614899402,12,-1481.65839220081,-1422.23019466924,118.856395063138
0.016,1.001,1.001,1.002,26.0108583047782,12,-1474.72621571006,-1429.78268371156,89.8870639970075
