"BRMSEA","BGammahat","adjBGammahat","BMc","pd_1","p_1","loglik","logliksat_1","chisq"
0.073,0.946,0.922,0.844,28.4916641345132,12,-1438.13766329751,-1377.58785654441,121.0996135062
0.086,0.927,0.895,0.79,27.3042911188775,12,-1463.04278808502,-1396.36533039849,133.354915373054
0.043,0.978,0.968,0.934,27.4036563082308,12,-1464.37864943432,-1413.05710000328,102.643098862067
