"BRMSEA","BGammahat","adjBGammahat","BMc","pd_1","p_1","loglik","logliksat_1","chisq"
0.085,0.928,0.897,0.793,27.0961298769158,12,-1453.0863829527,-1386.83225944339,132.508247018618
0.082,0.931,0.906,0.8,23.7852210061464,12,-1475.49319969033,-1409.98006804454,131.026263291588
0.044,0.976,0.966,0.93,26.7498899582826,12,-1470.73312391092,-1419.02346115031,103.41932552122
