"BRMSEA","BGammahat","adjBGammahat","BMc","pd_1","p_1","loglik","logliksat_1","chisq"
0.105,0.892,0.851,0.697,24.8426519552609,12,-1519.61703603818,-1441.53220485061,156.169662375138
0.102,0.9,0.858,0.716,26.222048125801,12,-1447.67164617821,-1372.04539093872,151.252510478984
0.114,0.882,0.828,0.671,28.2575720601762,12,-1464.43169534465,-1382.86144523762,163.140500214075
